Date,US Money Market Fund Flows,US Money Market Fund Flows (5d m/a)
TICKERS,"US.FUNDFLOW.MM.TOTAL.1DCHG.D","US.FUNDFLOW.MM.TOTAL.1DCHG.D"
 , , 
2016-01-05,-1.88145002468443,-1.88145002468443
2016-01-06,-0.12480782225728,-1.003128923470855
2016-01-07,-5.13970725805173,-2.3819883683311467
2016-01-08,4.607904736952391,-0.6345150920102622
2016-01-11,0.9719774753577076,-0.31321657853666823
2016-01-12,5.6606006165687,1.1951935497139579
2016-01-13,8.225651881503406,2.865285490466095
2016-01-14,-11.4118071044106,1.6108655211943212
2016-01-15,5.530389891666826,1.7953625521372083
2016-01-19,-6.35152882474102,0.3306612921174626
2016-01-20,5.898156343412586,0.3781724374862394
2016-01-21,-7.10986699088942,-2.688931336992326
2016-01-22,-3.93334245054144,-1.1932384062184938
2016-01-25,-0.44931876670056997,-2.3891801378919726
2016-01-26,19.010811350233848,2.6832878971030008
2016-01-27,10.11683600608632,3.5270238296377476
2016-01-28,-11.5718630264872,2.6346246225181913
2016-01-29,-14.5688241403801,0.5075282845504592
2016-02-01,2.453184026481118,1.088028843186797
2016-02-02,14.10323895521881,0.10651436418378993
2016-02-03,-0.685718216351233,-2.0539964803037214
2016-02-04,-2.5555960886599496,-0.2507430927382709
2016-02-05,-7.61696650086064,1.139628435165621
2016-02-08,-3.2037570930081403,0.008240211267769304
2016-02-09,7.09437342452025,-1.393532894871942
2016-02-10,12.7685084239589,1.297312433190084
2016-02-11,1.4493568240161978,2.0983030157253135
2016-02-12,-11.1511724979761,1.3914618163022223
2016-02-16,-0.6337080971198159,1.9054716154798867
2016-02-17,12.410676227056419,2.96873217598712
2016-02-18,4.920175413622521,1.3990655739198439
2016-02-19,-3.0714306261399797,0.4949080838886085
2016-02-22,4.021942615760489,3.5295311066359263
2016-02-23,7.425308096768799,5.141334345413649
2016-02-24,6.33808730459353,3.926816560921072
2016-02-25,9.37239169034595,4.817259816265758
2016-02-26,0.03044047233043239,5.4376340359598405
2016-02-29,-17.030016978100402,1.2272421171876622
2016-03-01,3.261861487753223,0.3945527953845464
2016-03-02,20.78174570589932,3.2832844756457042
2016-03-03,8.857401954209898,3.180286528418494
2016-03-04,-8.15794444406358,1.5426095451396915
2016-03-07,0.949318309271708,5.138476602614113
2016-03-08,-1.19306895682821,4.2474905136978265
2016-03-09,-0.14065007476136102,0.06301135756569116
2016-03-10,-0.621894233249593,-1.8328478799262071
2016-03-11,-6.70214997232845,-1.541688985579181
2016-03-14,-17.5097312156833,-5.233498890570183
2016-03-15,-19.331884139730597,-8.861261927150661
2016-03-16,7.541894079704305,-7.324753096257527
2016-03-17,1.867640653239563,-6.826846118959696
2016-03-18,-15.342872631419,-8.554990650777805
2016-03-21,-5.95388112171041,-6.243820631983228
2016-03-22,5.615280956396367,-1.254387612757835
2016-03-23,-2.26759251574008,-3.2162849318467117
2016-03-24,-23.3303800903489,-8.255889080564405
2016-03-28,25.29357139910292,-0.12860027446002037
2016-03-29,0.91050628873799,1.2442772076296595
2016-03-30,10.195871578508989,2.1603953320521834
2016-03-31,-7.4596443977179,1.1219849556566195
2016-04-01,-12.8187787940418,3.22430521491804
2016-04-04,-6.36689159583068,-3.10778738406868
2016-04-05,-2.1760124666374203,-3.7250911351437623
2016-04-06,3.706652362517081,-5.022934978342144
2016-04-07,-0.31119740528846196,-3.593245579856256
2016-04-08,0.35770843788003553,-0.957948133471889
2016-04-11,-10.5598386991196,-1.7965375541296733
2016-04-12,11.992799110931339,1.0372247613840784
2016-04-13,-4.518952119163241,-0.607896134951986
2016-04-14,-6.32773217936838,-1.8112030897679694
2016-04-15,-25.4154268413521,-6.965830145614396
2016-04-18,-4.27209399585845,-5.708281204962167
2016-04-19,1.691316804117057,-7.768577666325022
2016-04-20,2.427025418071542,-6.379382158878067
2016-04-21,0.9776748021906242,-4.918300762566266
2016-04-22,5.19157722434029,1.2031000505722127
2016-04-25,-8.823714578500018,0.2927759340438989
2016-04-26,6.285984694360755,1.2117095120926387
2016-04-27,3.7352130382210023,1.4733470361225307
2016-04-28,3.290503423596732,1.935912760403752
2016-04-29,5.612320507450029,2.0200614170257
2016-05-02,-12.379971824019199,1.308809967921864
2016-05-03,5.057220204022247,1.0630570698541622
2016-05-04,0.909630513577722,0.4979405649255063
2016-05-05,3.733691983108873,0.5865782768279344
2016-05-06,-3.37430146141769,-1.2107461169456095
2016-05-09,5.692536917219404,2.403755631302111
2016-05-10,4.888029224179219,2.3699174353335053
2016-05-11,-4.77667625322752,1.2326560819724572
2016-05-12,12.45786272707954,2.9774902307665903
2016-05-13,-12.5527635610825,1.1417978108336286
2016-05-16,0.9073113533500582,0.18475269805975955
2016-05-17,-11.0798405381385,-3.0088212544037845
2016-05-18,17.23226563689299,1.3929671236203176
2016-05-19,-16.1682627069717,-4.33225796318993
2016-05-20,-7.59176269161142,-3.3400577892957144
2016-05-23,6.190351296951529,-2.28344980057542
2016-05-24,16.71558672608761,3.275635652269802
2016-05-25,4.314832924581597,0.6921491098075242
2016-05-26,12.19467280948907,6.364736213099677
2016-05-27,-2.71194508481957,7.340699734458049
2016-05-31,-26.3470552328783,0.833218428492082
2016-06-01,23.7882455154499,2.2477501863645397
2016-06-02,-3.4397295833095,0.6968376847863198
2016-06-03,-5.19008308626013,-2.7801134943635204
2016-06-06,3.3064505489114673,-1.5764343676173127
2016-06-07,2.896764418141916,4.272329562586731
2016-06-08,-6.358453748605211,-1.7570102902242914
2016-06-09,26.94345742320037,4.319627111077683
2016-06-10,-6.2564692729110805,4.106349873747493
2016-06-13,-7.41211265386874,1.9626372331914517
2016-06-14,-8.11234572607838,-0.23918479565260764
2016-06-15,-18.545439192195,-2.6765818843705658
2016-06-16,5.457678109134547,-6.973737747183731
2016-06-17,-13.4402131953398,-8.410486531669475
2016-06-20,3.432557968290057,-6.241552407237715
2016-06-21,-2.07941190466285,-5.034965642954608
2016-06-22,0.5093339827219023,-1.2240110079712285
2016-06-23,1.809483010699507,-1.9536500276582367
2016-06-24,-3.1490711481911102,0.10457838177150122
2016-06-27,8.789135540908203,1.1758938962951304
2016-06-28,8.827048702411819,3.3571860177100645
2016-06-29,-3.00244195851125,2.6548308294634335
2016-06-30,-18.8082448686548,-1.4687147464074275
2016-07-01,-9.32268245198205,-2.7034370071656157
2016-07-05,15.00018267389946,-1.4612275805673647
2016-07-06,0.6173461443479173,-3.103168092180145
2016-07-07,5.272894267521799,-1.4481008469735346
2016-07-08,-6.1539193203887,1.082764262679685
2016-07-11,-0.274214422150049,2.892457868646086
2016-07-12,7.833132654466665,1.4590478647595266
2016-07-13,8.34311842658138,3.004202321206219
2016-07-14,-5.21048881542822,0.9075257046162152
2016-07-15,-9.57057896192325,0.22419377630930554
2016-07-18,2.090785744573456,0.6971938096540058
2016-07-19,3.166370415220968,-0.23615863819513291
2016-07-20,0.7786519908062183,-1.749051925350166
2016-07-21,2.03159008342959,-0.30063614557860363
2016-07-22,7.049691869452129,3.0234180206964725
2016-07-25,-0.693950249689165,2.466470821843948
2016-07-26,3.6788559407508,2.568967926949915
2016-07-27,-12.0725718322229,-0.001276837655909091
2016-07-28,-5.334561973681209,-1.4745072490780688
2016-07-29,-1.59856644315738,-3.2041589115999707
2016-08-01,-19.5208237168114,-6.969533605024418
2016-08-02,44.212716181468224,1.1372384431190667
2016-08-03,5.040385307623539,4.559829871088355
2016-08-04,3.635496399236843,6.353841545671965
2016-08-05,-13.2820785155692,4.017139131189601
2016-08-08,3.586363642842044,8.63857660312029
2016-08-09,-7.8770115959318305,-1.779368952359721
2016-08-10,20.12560973761184,1.237675933637939
2016-08-11,-0.74424000835279,0.3617286521200128
2016-08-12,-27.8400839700485,-2.5498724387758473
2016-08-15,6.204339276958256,-2.026277311952605
2016-08-16,-16.9190729392283,-3.8346895806118995
2016-08-17,2.222671119198203,-7.4152773042946265
2016-08-18,0.501899922892917,-7.166049318045485
2016-08-19,4.126585420609452,-0.7727154399138945
2016-08-22,9.47485510873003,-0.11861227355953971
2016-08-23,7.046025379699654,4.674407390226051
2016-08-24,6.01320940999966,5.4325150483863425
2016-08-25,1.7232881068489512,5.676792685177549
2016-08-26,13.85133738266071,7.6217430775878
2016-08-29,-2.10585069525056,5.305601916791683
2016-08-30,-14.561010135368,0.9841948137781522
2016-08-31,-14.1448917349731,-3.0474254152164
2016-09-01,-0.18204210428847,-3.4284914574438843
2016-09-02,0.08648265152890235,-6.1814624036702455
2016-09-06,-26.7557887806501,-11.111450020750153
2016-09-07,8.683554354092571,-6.4625371228580395
2016-09-08,-0.406501049742568,-3.714858985811933
2016-09-09,4.958408062313218,-2.686768952491595
2016-09-12,1.246183333217166,-2.4548288161539427
2016-09-13,-6.04897246946767,1.6865344460825433
2016-09-14,-38.1820967025612,-7.686595765248211
2016-09-15,-14.5890381951006,-10.523103194319818
2016-09-16,-0.543731466690078,-11.623531100120477
2016-09-19,1.8241503695654682,-11.507937692850817
2016-09-20,41.13452388676023,-2.071238421605237
2016-09-21,-14.908757909121,2.5834293370828036
2016-09-22,12.455649309072639,7.9923668379174515
2016-09-23,-12.2424531639451,5.652622498466447
2016-09-26,9.13920277306158,7.11563297916567
2016-09-27,6.79799845045805,0.2483278919052337
2016-09-28,-7.97451133293845,1.6351772071417439
2016-09-29,-3.69563967887918,-1.5950805904486198
2016-09-30,0.9931076166196727,1.0520315656643344
2016-10-03,-14.151472684770399,-3.6061035259020615
2016-10-04,-3.53679777310044,-5.673062770613759
2016-10-05,3.239397429868113,-3.430281018052446
2016-10-06,-0.397260782509111,-2.7706052387784323
2016-10-07,-3.52483143534837,-3.674193049172042
2016-10-11,-10.2299873436494,-2.8898959809478417
2016-10-12,8.850350538389756,-0.4124663186498022
2016-10-13,4.323347755851224,-0.19567625345317996
2016-10-14,-31.3781697340002,-6.391858043751397
2016-10-17,6.0936374143683345,-4.468164273808057
2016-10-18,5.6806777205285615,-1.2860312609724642
2016-10-19,-0.6218402037173509,-3.1804694093938863
2016-10-20,6.297487507468089,-2.785641459070513
2016-10-21,4.335911391140893,4.357174765957705
2016-10-24,5.445799069629052,4.227607097009849
2016-10-25,1.564963797722012,3.404464312448539
2016-10-26,-1.19548684927914,3.2897349833361815
2016-10-27,-2.07991119916178,1.6142552420102074
2016-10-28,6.807395650000312,2.108552093782091
2016-10-31,5.543898993329611,2.1281720785222027
2016-11-01,4.914449848969003,2.798069288771601
2016-11-02,8.656597057719715,4.768486070171372
2016-11-03,-0.393239257548004,5.105820458494128
2016-11-04,-18.7579941846197,-0.007257508429875515
2016-11-07,10.18327662844816,0.9206180185938347
2016-11-08,6.526920612919145,1.243112171383863
2016-11-09,4.483411272291094,0.408475014298139
2016-11-10,-1.4829308937774,0.19053668705225973
2016-11-14,-13.738154255060499,1.1945046729640996
2016-11-15,2.047546804679092,-0.4326412917897137
2016-11-16,4.325139306697993,-0.8729975530339438
2016-11-17,1.4427256416920569,-1.4811346791537514
2016-11-18,4.332702157878317,-0.3180080688226079
2016-11-21,0.499053595373407,2.5294335012641733
2016-11-22,14.42650330756884,5.0052248018421235
2016-11-23,-4.964871326516381,3.147222675199248
2016-11-25,16.10103442301089,6.078884431463015
2016-11-28,10.483561337327119,7.3090562673527755
2016-11-29,-0.34848072138847797,7.139549404000398
2016-11-30,-7.26178352031065,2.8018920384245005
2016-12-01,1.034617726699449,4.001789849067666
2016-12-02,2.2104372885921038,1.2236704221839088
2016-12-05,14.741983950229361,2.0753549447643573
2016-12-06,2.568350960399024,2.6587212811218577
2016-12-07,5.901855903452262,5.29144916587444
2016-12-08,7.220969932728447,6.528719607080239
2016-12-09,-1.16728899697913,5.853174349965992
2016-12-12,10.857412437239189,5.076260047367958
2016-12-13,1.178115277911536,4.798212910870461
2016-12-14,-19.1219950769627,-0.20655728521253208
2016-12-15,-13.5092893713992,-4.352609146038061
2016-12-16,-9.32246914134966,-5.9836451749121675
2016-12-19,1.0780326957488429,-7.939521123210236
2016-12-20,2.541472086248454,-7.666849761542854
2016-12-21,-2.68268747992721,-4.3789882421357555
2016-12-22,4.999431015019771,-0.6772441648519608
2016-12-23,-0.8648534494857301,1.0142789735208253
2016-12-27,10.378914828429929,2.874455400057043
2016-12-28,3.7756734830704524,3.1212956794214426
2016-12-29,-3.06506064601848,3.044821046203188
2016-12-30,-1.7786878576125,1.689197271676734
2017-01-03,-6.10178549457528,0.6418108626588243
2017-01-04,-6.15252061766153,-2.6644762265594677
2017-01-05,-14.759257338452601,-6.371462390864077
2017-01-06,-1.9688811976579002,-6.152226501191962
2017-01-09,-5.5568262675209,-6.907854183173642
2017-01-10,4.183645660729147,-4.850767952112756
2017-01-11,-4.09507720934926,-4.439279270450302
2017-01-12,7.003583054220304,-0.08671119191572174
2017-01-13,-27.7301498530977,-5.238964923003682
2017-01-17,2.372397060378455,-3.6531202574238106
2017-01-18,-2.01836865191441,-4.893523119952523
2017-01-19,6.194002031416633,-2.835707271799344
2017-01-20,1.267924696562346,-3.9828389433309352
2017-01-23,9.087306731138378,3.3806523735162806
2017-01-24,2.8699373673023656,3.4801604349010624
2017-01-25,0.4926014104294591,3.9823544473698362
2017-01-26,5.535470668020658,3.8506481746906416
2017-01-27,-3.9772943720896703,2.8016043609602383
2017-01-30,-5.93547014122177,-0.2029510135117915
2017-01-31,-3.4527568601775,-1.4674898590077645
2017-02-01,-0.364942954929546,-1.6389987320795658
2017-02-02,-0.979023257430643,-2.941897517169826
2017-02-03,-1.65544115991192,-2.477526874734276
2017-02-06,1.075168831481133,-1.075399080193695
2017-02-07,-2.73961687383987,-0.9327710829261692
2017-02-08,3.6190892084599473,-0.13596465024827067
2017-02-09,3.503361835528165,0.760512368343491
2017-02-10,-3.21983615429141,0.44763336946759313
2017-02-13,2.997543776591774,0.8321083584897213
2017-02-14,-5.94450787060149,0.1911301591373972
2017-02-15,-0.7624680067137819,-0.6851812838973487
2017-02-16,1.106049151685554,-1.1646438206658707
2017-02-17,-7.213362218017219,-1.9633490334110326
2017-02-21,-1.53851934684394,-2.870561658098175
2017-02-22,11.71337435766263,0.6610147875546485
2017-02-23,7.347192315439228,2.2829468519852503
2017-02-24,2.224934880690184,2.506723997786177
2017-02-27,2.2695654530460008,4.40330953199882
2017-02-28,-11.3760248021409,2.4358084409394287
2017-03-01,-3.25076610118756,-0.5570196508306097
2017-03-02,5.052123577719555,-1.016033398374544
2017-03-03,-4.58026997117093,-2.3770743687467673
2017-03-06,7.551041538310238,-1.3207791516939198
2017-03-07,-3.03048219554964,0.3483293696243325
2017-03-08,2.345824218308087,1.467647433523462
2017-03-09,15.69744687770028,3.5967120935196073
2017-03-10,2.251046425040812,4.962975372761955
2017-03-13,-17.4816588215302,-0.04356469920613222
2017-03-14,-9.78312300063809,-1.394092860223822
2017-03-15,-5.7856901817233295,-3.020395740230106
2017-03-16,-2.5145501911509798,-6.6627951540003565
2017-03-17,-11.0340246018274,-9.319809359374
2017-03-20,-8.18202140287031,-7.459881875642023
2017-03-21,2.543519742320292,-4.994553327050346
2017-03-22,22.353747460207902,0.6333342013359008
2017-03-23,26.3102899038801,6.398302220342117
2017-03-24,-37.6734496814208,1.0704172044234368
2017-03-27,11.20440230686823,4.947701946371145
2017-03-28,-0.540115723976865,4.330974853111714
2017-03-29,-12.4160938576981,-2.622993410469486
2017-03-30,9.21838232389791,-6.041374926465924
2017-03-31,-2.2824722329299,1.0368205632322554
2017-04-03,-14.4231126833595,-4.088682434813291
2017-04-04,0.6720145307006313,-3.8462563838777917
2017-04-05,0.5437820626092144,-1.254281199816329
2017-04-06,-1.77215402344847,-3.452388469285604
2017-04-07,-5.40767156210076,-4.0774283351197775
2017-04-10,-0.50775344845932,-1.2943564881397411
2017-04-11,4.149593767980114,-0.5988406406838445
2017-04-12,11.0644293967369,1.5052888261416926
2017-04-13,-40.0470482835062,-6.1496900258698535
2017-04-17,31.83929824487959,1.2997039355262168
2017-04-18,-3.07170149704069,0.7869143258099425
2017-04-19,-4.89206551249977,-1.0214175302860344
2017-04-20,13.28429308060976,-0.5774447935114623
2017-04-21,0.5127135166940278,7.5345075665285846
2017-04-24,-0.530815668402705,1.0604847838721247
2017-04-25,0.3761509954701178,1.7500552823742865
2017-04-26,142.2833815625375,31.18514469738174
2017-04-27,13.54042151984107,31.236370385228003
2017-04-28,-15.6342138956394,28.006984902761314
2017-05-01,1.402144617618527,28.39357695996556
2017-05-02,6.94757226849813,29.707861214571164
2017-05-03,-3.0942684686570403,0.6323312083322572
2017-05-04,5.138393609788735,-1.0480743736782097
2017-05-05,-9.97356711689895,0.08405498206988007
2017-05-08,1.058495963410474,0.015325251228269509
2017-05-09,4.7398803400490435,-0.42621313446154774
2017-05-10,6.7952539362008695,1.5516913465100344
2017-05-11,-0.09568235436920079,0.5048761536784472
2017-05-12,-7.412751061422281,1.017039364773781
2017-05-15,1.757299030512105,1.1567999781941072
2017-05-16,-7.17630942368927,-1.2264379745535554
2017-05-17,7.994574909518937,-0.9865737798899421
2017-05-18,6.22193633878976,0.27694995874185013
2017-05-19,-4.28201154382108,0.9030978622620902
2017-05-22,-4.8900914464318195,-0.42638023312669465
2017-05-23,2.639269465374295,1.5367355446860187
2017-05-24,5.224392196317202,0.9826990020456716
2017-05-25,-0.36975925333797904,-0.33564011637987606
2017-05-26,1.2535836812998171,0.7714789286443032
2017-05-30,3.370370068869088,2.423571231704485
2017-05-31,0.4673511891891248,1.989187576467451
2017-06-01,-8.79267391868774,-0.8142256465335377
2017-06-02,5.502335148879328,0.3601932339099235
2017-06-05,0.5349004127802327,0.21645658020600678
2017-06-06,5.481835157907104,0.63874959801361
2017-06-07,1.910174414492213,0.9273142430742276
2017-06-08,2.843873205450829,3.254623667901941
2017-06-09,-5.43334222213086,1.0674881936999037
2017-06-12,-4.7785724477283695,0.004793621598183506
2017-06-13,0.2752792895589955,-1.0365175520714383
2017-06-14,-17.4710643656291,-4.912765308095701
2017-06-15,-34.0981949836318,-12.301178945912227
2017-06-16,-7.57061387530994,-12.728633276548042
2017-06-19,10.79288112463057,-9.614342562076256
2017-06-20,10.38253817027901,-7.592890785932252
2017-06-21,4.998922299798113,-3.0988934528468084
2017-06-22,2.652113273938653,4.251168198667282
2017-06-23,0.6496062434124762,5.8952122224117645
2017-06-26,-0.6397717214594589,3.6086816531937584
2017-06-27,5.011402821158059,2.5344545833695684
2017-06-28,-3.5212422768990503,0.8304216680301358
2017-06-29,5.903356083642692,1.4806702299709438
2017-06-30,3.340370078828186,2.0188229970540856
2017-07-03,-10.3498795517297,0.07680143100003747
2017-07-05,3.240589330909308,-0.2773612670497128
2017-07-06,-8.01490506578004,-1.1760938248259107
2017-07-07,-4.76465788917802,-3.3096966193900528
2017-07-10,4.971891989284661,-2.983392237298758
2017-07-11,7.417222770084162,0.5700282270640145
2017-07-12,1.8711435468411068,0.29613907025037406
2017-07-13,12.87034938980825,4.473189961368033
2017-07-14,-15.6298007518398,2.3001613888356762
2017-07-17,-5.29855160171958,0.24607267063482804
2017-07-18,1.818281432838645,-0.8737155968142755
2017-07-19,-7.81887973505771,-2.8117202531940384
2017-07-20,4.211175927767996,-4.543554945602089
2017-07-21,5.5129179349504405,-0.3150112082440417
2017-07-24,3.9754179632179443,1.5397827047434631
2017-07-25,5.650681540659629,2.30626272630766
2017-07-26,3.542240693395957,4.578486811998394
2017-07-27,-1.02918443356222,3.5304147397323495
2017-07-28,11.68431372361909,4.7646938974660795
2017-07-31,-6.7843028222732205,2.612749740367847
2017-08-01,3.849678364827298,2.252549105201381
2017-08-02,11.41233519168384,3.826568004858957
2017-08-03,-0.799563242188655,3.872492243133671
2017-08-04,-0.9461684664925559,1.3463958051113412
2017-08-07,29.41028239624715,8.585312848815416
2017-08-08,3.732301641979255,8.561837504245807
2017-08-09,1.6257394394213331,6.604518353793305
2017-08-10,12.40911339384923,9.246253681000884
2017-08-11,-3.4017784567391502,8.755131682951562
2017-08-14,0.2087596837505699,2.9148271404522474
2017-08-15,2.103497568349354,2.589066325726267
2017-08-16,-1.1483940329100002,2.034239631260001
2017-08-17,1.750674311581534,-0.09744818519353844
2017-08-18,-0.363958493790124,0.5101158073962668
2017-08-21,11.85179898851132,2.838723668348417
2017-08-22,9.13874770514807,4.24577369570816
2017-08-23,6.781601924421266,5.831772887174414
2017-08-24,-15.7625711956415,2.3291237857298066
2017-08-25,12.67008270487003,4.935932025461836
2017-08-28,-16.1665949538699,-0.6677467630144068
2017-08-29,-5.65585311110038,-3.6266669262640976
2017-08-30,0.9020246961792,-4.80258237191251
2017-08-31,5.707946428533645,-0.5084788470774813
2017-09-01,-2.2734248216999697,-3.4971803523914806
2017-09-05,2.864908338620793,0.3091203061066575
2017-09-06,6.4895859016221955,2.7382081086511727
2017-09-07,7.3050941335684625,4.0188219961290255
2017-09-08,-7.10895586875035,1.455441536672226
2017-09-11,8.335823722898496,3.57729124559192
2017-09-12,13.239450104832649,5.652199598834291
2017-09-13,-2.10268684730958,3.9337450490479355
2017-09-14,-9.24218932997016,0.624288356340211
2017-09-15,-16.318066994641,-1.2175338688379191
2017-09-18,2.5651677885097453,-2.3716650557156695
2017-09-19,-3.69542261335067,-5.758639599352334
2017-09-20,12.06505137336347,-2.9250919552177224
2017-09-21,11.516755154806651,1.226696941737639
2017-09-22,-15.481122584777399,1.394085823710359
2017-09-25,18.00179748321697,4.481411762651804
2017-09-26,6.528743127328344,6.526244910787606
2017-09-27,-2.36453006427689,3.640328623259535
2017-09-28,-0.913332815288566,1.1543110292404914
2017-09-29,7.0593130168784395,5.6623981495716595
2017-10-02,-16.3245346610411,-1.2028682792799543
2017-10-03,10.342133668369609,-0.4401901710717013
2017-10-04,-0.474684802946635,-0.06222111880565032
2017-10-05,8.253799296558368,1.7712053035637365
2017-10-06,-9.56122476879275,-1.5529022535705015
2017-10-10,1.908963150543161,2.0937973087463506
2017-10-11,12.887884176979771,2.6029474104683827
2017-10-12,-3.38339852868998,2.021204665319714
2017-10-13,-6.15838386737835,-0.8612319674676296
2017-10-16,8.017910502451473,2.654595086781215
2017-10-17,2.8736772856186144,2.8475379137963057
2017-10-18,-0.5184212395520881,0.1662768304899339
2017-10-19,1.616811961362604,1.1663189285004507
2017-10-20,3.120479597438127,3.022091621463746
2017-10-23,-3.60212526379712,0.6980844682140275
2017-10-24,5.307253334248904,1.1847996779400853
2017-10-25,0.8500043123010546,1.458484788310714
2017-10-26,1.4636847355496139,1.427859343148116
2017-10-27,-2.86485823235009,0.23079177719047247
2017-10-30,-7.9908674573996095,-0.6469566615300254
2017-10-31,-0.6520814584014011,-1.8388236200600865
2017-11-01,-10.6144951155907,-4.131723505638438
2017-11-02,-0.557174337086268,-4.535895320165613
2017-11-03,0.9210244700978508,-3.778718779676025
2017-11-06,7.790693745623344,-0.6224065390714347
2017-11-07,-0.090982642931398,-0.5101867759774341
2017-11-08,2.030813723109663,2.0188749917626385
2017-11-09,-2.12566778465919,1.7051763022480544
2017-11-10,6.702967650366947,2.8615649383018735
2017-11-13,-1.8658277264582,0.9302606438855644
2017-11-14,-1.6649265455892301,0.6154718633539981
2017-11-15,-1.99812641633209,-0.19031616453435257
2017-11-16,0.1527099196212366,0.26535937632173273
2017-11-17,1.928943523830734,-0.6894454489855099
2017-11-20,15.02836876051733,2.6893938484095963
2017-11-21,3.886177279140801,3.7996146133556024
2017-11-22,-5.337546318119389,3.131730632998143
2017-11-24,14.930328237048808,6.087254296483657
2017-11-27,12.05969362263195,8.1134043162439
2017-11-28,0.05721228401176632,5.119173020942787
2017-11-29,21.660009571347388,8.673939479384105
2017-11-30,-5.857075678997671,8.570033607208448
2017-12-01,-9.684211330303459,3.647125693737995
2017-12-04,15.12417513071187,4.260021995353979
2017-12-05,5.439057985048275,5.33639113556128
2017-12-06,1.646323035003617,1.3336538282925268
2017-12-07,-2.92703067980194,1.9196628281316728
2017-12-08,11.633066994219089,6.183118493036182
2017-12-11,8.629631217511838,4.884209710396176
2017-12-12,7.7744734256779795,5.351292798522116
2017-12-13,2.822798912171274,5.586587973955647
2017-12-14,-11.1846623330107,3.9350616433138965
2017-12-15,-9.20315582223795,-0.23218291997751167
2017-12-18,5.798941169283818,-0.7983209296231152
2017-12-19,4.284700636179185,-1.4962754875228739
2017-12-20,-9.637009419157641,-3.988237153788657
2017-12-21,-2.09474846924143,-2.1702543810348036
2017-12-22,2.0001584277614017,0.07040846896506672
2017-12-26,14.0842260094611,1.727465437000523
2017-12-27,9.67625192963751,2.805775695692188
2017-12-28,-6.45325753248762,3.4425260730261926
2017-12-29,4.105080343339128,4.682491835542304
2018-01-02,0.3682214903584682,4.356104448061718
2018-01-03,-5.1489514263086,0.5094689609077774
2018-01-04,2.988192538311705,-0.8281429173573839
2018-01-05,-4.8421610272196105,-0.505923616303782
2018-01-08,1.984055815338157,-0.9301285219039762
2018-01-09,-1.0515841579404699,-1.2140896515637638
2018-01-10,-8.050484763658611,-1.794396319033766
2018-01-11,-4.86750069933105,-3.365534966562317
2018-01-12,10.1800628531184,-0.36109019049471486
2018-01-16,-47.3280697943578,-10.223515312433907
2018-01-17,32.49388335386431,-3.5144218100729505
2018-01-18,15.8638283123239,1.268440805123553
2018-01-19,-15.699971168241,-0.8980532886584378
2018-01-22,9.061431091070174,-1.121779641068083
2018-01-23,7.606765302137473,9.865187378230972
2018-01-24,-9.20178780333791,1.5260531467905278
2018-01-25,30.14187917333189,4.381663318992126
2018-01-26,-62.6699653611518,-5.012335519590034
2018-01-29,22.37240978634032,-2.3501397805360056
2018-01-30,-4.03966152281361,-4.679425145526222
2018-01-31,-13.911473830115499,-5.621362350881739
2018-02-01,8.232955033998937,-10.00314717874833
2018-02-02,2.079485451211221,2.946742983724274
2018-02-05,1.5336591627993619,-1.2210071409839174
2018-02-06,-1.51685920748115,-0.7164466779174257
2018-02-07,13.980525548622941,4.861953197830262
2018-02-08,3.427208387709688,3.9008038685724125
2018-02-09,-9.43218693581456,1.5984693911672558
2018-02-12,13.23787500929786,3.9393125604669557
2018-02-13,-4.70897832068149,3.300888737826888
2018-02-14,-3.88328668707935,-0.27187370931357047
2018-02-15,2.098888754168991,-0.53753763602171
2018-02-16,-5.377009902710101,0.27349777059918184
2018-02-20,12.26627223431971,0.07917721560355169
2018-02-21,10.304765433981078,3.0819259665360654
2018-02-22,-6.7874467939809,2.501093945155756
2018-02-23,-2.8981796474489396,1.5016802648321694
2018-02-26,6.355141159561929,3.8481104772865757
2018-02-27,4.663617278318853,2.327579486086404
2018-02-28,-8.56768711551093,-1.4469110238119975
2018-03-01,-2.01927561199013,-0.49327678741384345
2018-03-02,-3.9554276912626802,-0.7047263961765919
2018-03-05,5.4227162968833,-0.8912113687123178
2018-03-06,9.774412431099451,0.1309476618438019
2018-03-07,7.543999988873023,3.3532850827205927
2018-03-08,-11.507475189123301,1.455645167293958
2018-03-09,-11.1225075339014,0.022229198766214254
2018-03-12,0.07795417719520628,-1.046723225171404
2018-03-13,13.75823761035083,-0.24995818932112818
2018-03-14,-26.0586608732319,-6.9704903617421134
2018-03-15,-5.16751674369955,-5.702498672657363
2018-03-16,6.261350226299371,-2.2257271206172087
2018-03-19,-3.22795846467977,-2.8869096489922037
2018-03-20,4.147688101817388,-4.809019550698893
2018-03-21,3.6839065312114547,1.1394939301897788
2018-03-22,5.715390165380668,3.3160753120058226
2018-03-23,-12.3668546751481,-0.4095656682836715
2018-03-26,6.15901600378193,1.4678292254086682
2018-03-27,-0.497808497501072,0.5387299055449761
2018-03-28,2.580942637008149,0.31813712670431504
2018-03-29,-39.7680232427726,-8.778545554926339
2018-04-02,54.626038729493025,4.6200331260018865
2018-04-03,-2.02123261470813,2.9839834023038754
2018-04-04,-6.22729043325083,1.8380870151539235
2018-04-05,-1.3241570436433001,1.0570670790236334
2018-04-06,-7.84940294193569,7.440791139191015
2018-04-09,3.5930007682102727,-2.765816453065536
2018-04-10,1.0284343717047009,-2.155883055782969
2018-04-11,2.790429231163115,-0.35233912290018043
2018-04-13,-21.090703651049598,-4.30564844438144
2018-04-16,-3.2456445765998203,-3.3848967713142657
2018-04-17,-9.21117446420947,-5.945731817798214
2018-04-18,-3.57905928118248,-6.86723054837565
2018-04-19,-3.7057860616310503,-8.166473606934485
2018-04-20,-1.6817382600116502,-4.284680528726893
2018-04-23,-5.42396008712333,-4.7203436308315965
2018-04-24,-1.5001979677909998,-3.1781483315479018
2018-04-25,3.430010159022639,-1.7763344435068782
2018-04-26,3.4462744058398527,-0.34592235001269767
2018-04-27,-0.137803400033619,-0.03713537801709137
2018-04-30,-7.4147426335173705,-0.43529188729589946
2018-05-01,7.05119365143869,1.2749864365500385
2018-05-02,5.152908285222015,1.6195660617899137
2018-05-03,3.31145868177712,1.5926029169773672
2018-05-04,-8.08523261275981,0.003117074432128675
2018-05-07,-0.688796572955791,1.3483062865444448
2018-05-08,5.480369895096402,1.034141535275987
2018-05-09,5.750989687300755,1.153757815691735
2018-05-10,6.2466021136655465,1.7407865020694202
2018-05-11,-0.5292727637644861,3.2519784718684854
2018-05-14,-7.52403577798931,1.8849306308617817
2018-05-15,12.58376074668905,3.3056088011803113
2018-05-16,-3.00248269584076,1.554914324552008
2018-05-17,1.229145405868999,0.5514229829926984
2018-05-18,-3.8956069599706704,-0.12184385624853826
2018-05-21,9.566175704472698,3.296198440243863
2018-05-22,-5.70505589922052,-0.3615648889380507
2018-05-23,0.4611411167699844,0.33115987358409826
2018-05-24,6.375770196557978,1.360484831721894
2018-05-29,-0.000366181879770011,2.139532987340074
2018-05-30,11.42269035410229,2.510835917265992
2018-05-31,12.73923954482749,6.199695006075595
2018-06-01,-0.214888553416356,6.064489072038326
2018-06-04,7.607892656960525,6.310913564118836
2018-06-05,3.1010972913806327,6.931206258770916
2018-06-06,13.234228536188601,7.293513895188179
2018-06-07,-16.535445212122102,1.4385769437982596
2018-06-08,3.6904109313599767,2.2196368407535267
2018-06-11,6.234903804772532,1.9450390703159286
2018-06-12,-8.55003595579881,-0.3851875791199605
2018-06-13,-6.61043779919343,-4.354120846196366
2018-06-14,-19.5657769702263,-4.960187197817206
2018-06-15,-36.363467483181,-12.9709628807254
2018-06-18,3.456267250978854,-13.526690191484136
2018-06-19,-4.45613194385497,-12.707909389095368
2018-06-20,6.2578497174019,-10.134251885776303
2018-06-21,1.6170869019618261,-5.897679111338677
2018-06-22,1.203568153787405,1.615728016055003
2018-06-25,12.349939135544469,3.3944623929681255
2018-06-26,2.9615852902969353,4.878005839798506
2018-06-27,3.184525070409756,4.263340910400078
2018-06-28,-5.545828633456489,2.8307578033164154
2018-06-29,0.1928432917967439,2.628612830918283
2018-07-02,0.808121313599404,0.32024926652927
2018-07-03,20.998959236152,3.9277240557002826
2018-07-05,-31.3999811238609,-2.9891771831538483
2018-07-06,23.70480008977837,2.8609485614931236
2018-07-09,16.170265819951428,6.05643306712406
2018-07-10,-6.38116988256993,4.618574827890194
2018-07-11,1.151229609780014,0.6490289026157964
2018-07-12,-3.66577466754988,6.195870193878002
2018-07-13,-20.8338039363408,-2.7118506113458336
2018-07-16,74.58273134242184,8.970642493148247
2018-07-17,-0.7423633209699759,10.098403805468239
2018-07-18,8.08566339943884,11.485290563400003
2018-07-19,-4.89436557808286,11.239572381293407
2018-07-20,2.738576055921614,15.954048379745894
2018-07-23,4.3174935454428205,1.9010008203500874
2018-07-24,-0.8821557501931669,1.8730423345054494
2018-07-25,-0.241759315332398,0.20755779155120185
2018-07-26,4.333785142579116,2.053187935683597
2018-07-27,-3.9344004914546398,0.7185926262083464
2018-07-30,2.114968673945405,0.27808765190886336
2018-07-31,-10.909283890923,-1.7273379762371033
2018-08-01,9.413983566300479,0.20381060008947216
2018-08-02,5.309374254442286,0.3989284224621059
2018-08-03,-7.31265052392334,-0.27672158403163394
2018-08-06,8.714008248189002,1.0430863308170852
2018-08-07,7.018857348184101,4.6287145786385056
2018-08-08,4.008324661005754,3.5475827975795604
2018-08-09,-5.10053024233878,1.4656018982233472
2018-08-10,-2.18435722196847,2.491260558614321
2018-08-13,0.869409435431473,0.9223407960628153
2018-08-14,-5.79746421028627,-1.6409235156312587
2018-08-15,12.91342383473413,0.1400963191144168
2018-08-16,8.303331037846858,2.820868575151544
2018-08-17,-19.3428698766385,-0.6108339557824614
2018-08-20,3.4562438133619726,-0.09346708019636152
2018-08-21,4.161722018915229,1.898370165643938
2018-08-22,5.250706192590762,0.3658266372152644
2018-08-23,4.120957393013408,-0.47064809175142575
2018-08-24,-6.2055216475082595,2.1568215540746225
2018-08-27,-1.13910947637167,1.2377508961278938
2018-08-28,28.5350654210872,6.112419576562289
2018-08-29,-50.8743691954366,-5.1125955010431845
2018-08-30,29.98101179187652,0.059415378729437404
2018-08-31,-4.2800063290149,0.44451844242811
2018-09-04,33.67910384091875,7.408161105886194
2018-09-05,-38.669347897606,-6.0327215578524465
2018-09-06,22.891343483912287,8.720420978017332
2018-09-07,-12.9028599684164,0.14364662595874692
2018-09-10,5.288011953654699,2.0572502824926664
2018-09-11,7.198154034483247,-3.2389396787944333
2018-09-12,-7.09820240449719,3.075289419827329
2018-09-13,-1.00657351137279,-1.704293979229687
2018-09-14,-31.2077402850059,-5.365270042547587
2018-09-17,13.23136386112822,-3.7765996610528823
2018-09-18,3.053574453687761,-4.60551557721198
2018-09-19,-2.3690120680285602,-3.6596775099182537
2018-09-20,-3.03864691460878,-4.066092190565453
2018-09-21,0.6335578798474742,2.3021674424052234
2018-09-24,7.9120195632213735,1.2382985828238537
2018-09-25,8.820079905407503,2.391599673167802
2018-09-26,1.228706374313217,3.1111433616361577
2018-09-27,-9.18691708630044,1.8814893272978253
2018-09-28,-10.161596472864,-0.2775415432444692
2018-10-01,5.871601970542688,-0.6856250617802061
2018-10-02,23.23692594461795,2.1977441460618836
2018-10-03,-46.6247806611587,-7.372953261032501
2018-10-04,18.93670550110889,-1.748228743550635
2018-10-05,-1.03608754881704,0.07687304125875727
2018-10-09,35.02123832542589,5.906800312235398
2018-10-10,-0.0183680658480152,1.2557415101422047
2018-10-11,-1.03652227742644,10.373393186888656
2018-10-12,-22.0218781482843,2.1816764570100178
2018-10-15,2.236379474784248,2.8361698617302755
2018-10-16,-2.63401937214378,-4.694881677783657
2018-10-17,3.043908223772421,-4.08242641985957
2018-10-18,5.624959248050115,-2.75013011476426
2018-10-19,-6.251215873997659,0.4040023400930691
2018-10-22,5.765887569685932,1.1099039590734059
2018-10-23,1.156903167268261,1.8680884669558142
2018-10-24,1.646410424276255,1.588588907056581
2018-10-25,1.047920528912917,0.6731811632291411
2018-10-26,3.3398214341118,2.591388624851033
2018-10-29,2.9661870342297476,2.031448517759796
2018-10-30,-3.8383398288912103,1.032399918527902
2018-10-31,-1.6725284472378,0.36861214422509087
2018-11-01,8.90349525629729,1.9397270897019656
2018-11-02,3.809679535695353,2.033698710018676
2018-11-05,9.206246058536694,3.2817105148800656
2018-11-06,1.3585172636131762,4.321081933380944
2018-11-07,-4.23878295296105,3.8078310322362925
2018-11-08,8.659205212311821,3.758973023439199
2018-11-09,-5.61476671691937,1.8740837729162543
2018-11-13,-0.10351261952240001,0.0121320373044355
2018-11-14,9.12685550474096,1.5657996855299923
2018-11-15,9.662254527658224,4.346007181653848
2018-11-16,-7.93338654849771,1.0274888294919406
2018-11-19,6.86800976314908,3.5240441255056303
2018-11-20,9.100667450649201,5.364880139539951
2018-11-21,-3.28809175616782,2.881890687358195
2018-11-23,10.03232731926721,2.9559052456799924
2018-11-26,16.95282734561991,7.933148024503515
2018-11-27,-26.3591007947,1.2877259129336998
2018-11-28,3.37694342198968,0.1429811072017956
2018-11-29,13.709914419191419,3.5425823422736427
2018-11-30,16.11023789503239,4.758164457426679
2018-12-03,-15.2117978353421,-1.6747605787657225
2018-12-04,-50.2824822388892,-6.4594368676035625
2018-12-06,65.65546611155709,5.996267670309919
2018-12-07,1.37132485068962,3.5285497566095594
2018-12-10,13.13470105488179,2.93344238857944
2018-12-11,9.913176661929581,7.958437288033776
2018-12-12,3.217747948110104,18.658483325433636
2018-12-13,25.31503363035992,10.590396829194201
2018-12-14,-20.7465828640601,6.166815286244258
2018-12-17,4.170522017840762,4.373979478836053
2018-12-18,8.464402574562468,4.084224661362631
2018-12-19,-0.5448070998811161,3.3317136517643866
2018-12-20,18.715584681235722,2.0118238619395465
2018-12-21,-5.301731936867349,5.1007940473780975
2018-12-24,-13.620576852568,1.542574273296345
2018-12-26,25.192304842705372,4.888154726924926
2018-12-27,-2.536875736658,4.489740999569549
2018-12-28,-10.3112488706512,-1.3156257108078353
2018-12-31,4.874910102499185,0.7197026970654713
2019-01-02,0.2639928798237815,3.4966166435438275
2019-01-03,17.16313686235761,1.8907830474742753
2019-01-04,1.191959921361413,2.636550179078158
2019-01-07,-9.25053240771126,2.848693471666146
2019-01-08,6.763991613561753,3.2265097738786594
2019-01-09,7.904477496860548,4.754606697286013
2019-01-10,-9.50677030616114,-0.5793747364177373
2019-01-11,-6.613375988811249,-2.1404419184522694
2019-01-14,-9.79759569027741,-2.2498545749654997
2019-01-15,7.893096775642131,-2.0240335425494242
2019-01-16,-5.561389272584581,-4.71720689643845
2019-01-17,25.44288769388106,2.2727247035699905
2019-01-18,-49.574420175329806,-6.319484133733721
2019-01-22,33.59178856068244,2.358392716458249
2019-01-24,-7.58894477213128,-0.7380155930964334
2019-01-25,-3.3863987439,-0.30301748735951717
2019-01-28,8.265215819958597,-3.7385518621440097
2019-01-29,-9.65451912769116,4.2454283473837195
2019-01-30,-10.088267280067301,-4.490582820766229
2019-01-31,8.978851781288627,-1.1770235100822473
2019-02-01,11.85934311821591,1.8721248623409348
2019-02-04,1.5976831850134772,0.5386183353519114
2019-02-05,4.653693038883153,3.400260768666773
2019-02-06,2.084311783705373,5.834776581421307
2019-02-07,20.85913534404244,8.210833293972069
2019-02-08,-4.34462737373216,4.970039195582457
2019-02-11,9.514230231959372,6.553348604971636
2019-02-12,7.741038041491062,7.170817605493217
2019-02-13,-2.6186886150790403,6.230217525736334
2019-02-14,-14.3971734387204,-0.8210442308162331
2019-02-15,-7.850391588589639,-1.5221970737877293
2019-02-19,0.1888259135307744,-3.3872779374734483
2019-02-20,13.81818617890729,-2.171848309990202
2019-02-21,9.634812950489577,0.2788520031235205
2019-02-22,-5.898853665747209,1.9785159577181584
2019-02-25,-3.15055189704057,2.9184838960279724
2019-02-26,1.53153090583859,3.187024894489535
2019-02-27,1.342066183208488,0.6918008953497752
2019-02-28,10.38469565151213,0.8417774355542857
2019-03-01,1.488965271062683,2.319341222916264
2019-03-04,6.196918498308397,4.188835301986058
2019-03-05,7.5183075909186154,5.386190639002064
2019-03-06,7.225789159058594,6.562935234172085
2019-03-07,6.014728309890255,5.688941765847709
2019-03-08,-4.30132039555628,4.530884632523916
2019-03-11,-6.586776455271989,1.9741456418078396
2019-03-12,2.6839365413682543,1.0072714318977667
2019-03-13,0.8777059692833573,-0.26234520605728057
2019-03-14,-12.3155096556921,-3.9283927991737513
2019-03-15,7.110787403083408,-1.6459712394458144
2019-03-18,-10.7440045915009,-2.477416866691596
2019-03-19,-10.6629785738764,-5.146799889740526
2019-03-20,-6.01946718725283,-6.526234521047765
2019-03-21,18.50033765291935,-0.3630650593254742
2019-03-22,-4.34232478965959,-2.653687497874073
2019-03-25,3.753828225652222,0.2458790655565502
2019-03-26,10.06215812756726,4.390906405845283
2019-03-27,4.396619261349551,6.474123695565758
2019-03-28,0.8715149891604669,2.948359162813982
2019-03-29,-24.3747453912678,-1.0581249575076597
2019-04-01,18.231890762631778,1.837487549888251
2019-04-02,14.18168734788615,2.6613933939520287
2019-04-03,0.7198976170611567,1.9260490650943503
2019-04-04,3.888403761978727,2.5294268196580023
2019-04-05,-8.6661435574796,5.671147186415643
2019-04-08,5.810049856690225,3.1867790052273315
2019-04-09,3.0320675770998933,0.9568550510700803
2019-04-10,-9.56830136850197,-1.1007847460425448
2019-04-11,-8.38783986858977,-3.556033472156244
2019-04-12,-24.0075724806786,-6.624319256796045
2019-04-15,-14.0571188237648,-10.597752992887049
2019-04-16,5.750601679711137,-10.054046172364801
2019-04-17,-12.0598624843149,-10.552358395527385
2019-04-18,-33.7073356455495,-15.616257550919332
2019-04-22,41.03548996926937,-2.6076450609297384
2019-04-23,-1.20991203543171,-0.038203703263119594
2019-04-24,0.7800879251668229,-1.0323064541719826
2019-04-25,12.419848521020729,3.863635746895143
2019-04-26,1.984155369383283,11.0019339498817
2019-04-29,0.5182965153702533,2.8984952591018756
2019-04-30,5.57227395309927,4.2549324568080715
2019-05-01,-2.13538330197148,3.671838211380411
2019-05-02,7.8871536066206165,2.7652992285003886
2019-05-03,-3.96842969668051,1.57478221528763
2019-05-06,3.776101009978914,2.226343114209362
2019-05-07,11.51669024758181,3.4152263731058694
2019-05-08,-4.12039923746232,3.0182231860077016
2019-05-09,0.0599941009520553,1.4527912848739897
2019-05-10,2.2054578908109113,2.6875688023722737
2019-05-13,2.608685422129929,2.454085684802477
2019-05-14,0.9307908166497946,0.33690579861607406
2019-05-15,8.475305881059262,2.8560468223203905
2019-05-16,19.44060218274128,6.732168438678235
2019-05-17,-3.65142943245126,5.560790974025801
2019-05-20,9.893113491747528,7.017676587949322
2019-05-21,9.262021274229976,8.683922679465358
2019-05-22,-3.47691171942791,6.293479159367924
2019-05-23,-4.18878925984865,1.567600870849937
2019-05-24,-0.121130577189848,2.273660641902219
2019-05-28,24.97207635891437,5.2894532153355875
2019-05-29,-1.63736080358317,3.1095767997729586
2019-05-30,5.048589026146568,4.814676948887854
2019-05-31,2.152928926934022,6.083020586244389
2019-06-03,-1.02126516707428,5.902993668267502
2019-06-04,3.1854716580924576,1.5456727281031195
2019-06-05,-0.701775928270072,1.7327897031657389
2019-06-06,9.850061080330518,2.693084114002529
2019-06-07,-8.85619726172136,0.49125887627145276
2019-06-10,-0.126452629057225,0.6702213838748636
2019-06-11,13.418071692243679,2.716741390705108
2019-06-12,-3.44379664471606,2.1683372474159106
2019-06-13,10.63532762067579,2.325390555484965
2019-06-14,-14.2380602642233,1.2490179549845764
2019-06-17,-1.05780862244405,1.0627467563072117
2019-06-18,9.985844588819896,0.3763013356224551
2019-06-19,4.273866290009581,1.9198339225675833
2019-06-20,14.51811905524414,2.6963922094812536
2019-06-21,-6.75947995455517,4.192108271414879
2019-06-24,-5.1162950025405705,3.380410995395575
2019-06-25,9.480151389702225,3.2792723555720413
2019-06-26,-7.64872679026052,0.894753739518021
2019-06-27,4.426530125009362,-1.1235640465289345
2019-06-28,5.376533849811646,1.3036387143444286
2019-07-01,15.70855479966709,5.46860867478596
2019-07-02,19.14266877208092,7.4011121512616995
2019-07-03,-12.6628824371286,6.398281021888084
2019-07-05,12.159899957291321,7.944954988344476
2019-07-08,9.859843575339763,8.841616933450098
2019-07-09,34.702289088797755,12.640363791276233
2019-07-10,-10.9350509958379,6.624819837692468
2019-07-11,9.3746569697503,11.032327719068247
2019-07-12,-14.7200501171565,5.656337704178684
2019-07-15,-1.9956503276038,3.285238923589971
2019-07-16,12.224086369626221,-1.2104016202443362
2019-07-17,5.437350188105368,2.0640786165443177
2019-07-18,6.608952239658684,1.5109376705259945
2019-07-19,-5.741080410589929,3.3067316118393086
2019-07-22,14.19305722458893,6.544473122277855
2019-07-23,11.058685289171061,6.311392906186823
2019-07-24,0.20265974254719918,5.264454817075189
2019-07-25,3.709994916681665,4.684663352479785
2019-07-26,2.090344839868601,6.250948402571491
2019-07-29,-2.22992433181079,2.9663520912915473
2019-07-30,2.027964859242551,1.160208005305845
2019-07-31,-13.058949541058901,-1.492113851415375
2019-08-01,40.48458261793852,5.862803688835997
2019-08-02,7.253235504810699,6.895381821824415
2019-08-05,5.9102988895722675,8.523426466101027
2019-08-06,10.460731854496519,10.20997986515182
2019-08-07,-7.848841774547941,11.252001418454013
2019-08-08,11.77598352551973,5.510281599970255
2019-08-09,-8.90551481676148,2.278531535655819
2019-08-12,12.335281093832569,3.563527976507879
2019-08-13,0.553431211230345,1.5820678478546444
2019-08-14,-1.7732355452314998,2.7971890937179325
2019-08-15,7.201381652588956,1.882268719131778
2019-08-16,-2.70178992435196,3.1230136976136817
2019-08-19,7.259126192522701,2.1077827173517085
2019-08-20,5.831830727789085,3.1634626206634566
2019-08-21,2.2208683301294223,3.9622833957356414
2019-08-22,185.2232498532566,39.56665703586917
2019-08-23,-14.9418685921836,37.11864130230284
2019-08-26,7.765551923116203,37.21992644842154
2019-08-27,0.5300833045248873,36.1595769637687
2019-08-28,1.69508947275579,36.05442119229397
2019-08-29,3.1210753324907268,-0.3660137118591985
2019-08-30,-1.18639908774989,2.3850801890275433
2019-09-03,13.10316010627709,3.4526018256597206
2019-09-04,4.815865628833882,4.30975829052152
2019-09-05,3.628376871629152,4.696415770296192
2019-09-06,1.458356752697378,4.363872054337522
2019-09-09,6.550763965085149,5.911304664904529
2019-09-10,5.96228512990335,4.483129669629782
2019-09-11,-11.2876829405273,1.262419955757546
2019-09-12,1.58900068745343,0.854544718922401
2019-09-13,-20.3871795278289,-3.5145625371828544
2019-09-16,-13.862220904544001,-7.597159511108684
2019-09-17,14.104137817354879,-5.968788973618379
2019-09-18,23.04009533814806,0.8967666821166944
2019-09-19,20.81119610486925,4.741205765599857
2019-09-20,11.58534870352922,11.13571141187148
2019-09-23,-15.2255706636971,10.863041460040861
2019-09-24,8.434118851077278,9.729037666785342
2019-09-25,10.09180808524927,7.139380216205585
2019-09-26,9.484890856453683,4.874119166522471
2019-09-27,1.748529552877881,2.9067553363922025
2019-09-30,-14.3605761355809,3.0797542420154422
2019-10-01,11.88139811994042,3.7692100957880696
2019-10-02,6.506287140133326,3.052105906764882
2019-10-03,-0.122246761372779,1.1306783831995897
2019-10-04,-11.697805990070101,-1.5585887253900068
2019-10-07,9.006155499060172,3.1147576015382077
2019-10-08,28.43673677877803,6.425825333305729
2019-10-09,-2.09989562663762,4.704588779951541
2019-10-10,5.749338935786392,5.878905919383375
2019-10-11,-26.9416580368252,2.8301355100323553
2019-10-15,16.03290387666505,4.23548518555333
2019-10-16,1.4546908788098951,-1.1609239944402965
2019-10-17,3.7696660799384123,0.012988346874910305
2019-10-18,-0.6489479728415609,-1.2666690348506806
2019-10-21,8.22700041783182,5.767062656080722
2019-10-22,3.4528751939120697,3.2510569195301273
2019-10-23,0.06627544102398679,2.9733738319729452
2019-10-24,7.250140568435657,3.6694687296723942
2019-10-25,16.206901911058928,7.0406387064524925
2019-10-28,11.45753954016091,7.6867465309183105
2019-10-29,-3.6249764930019204,6.271176193535512
2019-10-30,-4.4675624459153,5.364408616147655
2019-10-31,5.416631286658814,4.997706759792285
2019-11-01,17.384785635476472,5.233283504675795
2019-11-04,10.39921961764107,5.021619520171827
2019-11-05,10.00817456057062,7.748249730886334
2019-11-06,3.230972639529966,9.28795674797539
2019-11-07,2.831887170988135,8.771007924841253
2019-11-08,-4.03138409897964,4.48777397795003
2019-11-12,24.92653546492197,7.393237147406211
2019-11-13,9.277114079088904,7.247025051109867
2019-11-14,-15.568956856037001,3.4870391519964734
2019-11-15,4.95326985222241,3.911315688243328
2019-11-18,0.36365533058112476,4.790323574155481
2019-11-19,-34.855282357353204,-7.166039990299554
2019-11-20,1.4491454815901812,-8.731633709799299
2019-11-21,43.81139922941849,3.1444375072918005
2019-11-22,-16.0854438641877,-1.0633052359902215
2019-11-25,18.02835010794736,2.4696337194830256
2019-11-26,4.585578910623677,10.357805973078401
2019-11-27,-23.0972605787981,5.448524761000745
2019-11-29,8.819710596162826,-1.5498129656503867
2019-12-02,10.383861351871861,3.7440480775615255
2019-12-03,-2.3589266346893303,-0.33340727096581296
2019-12-04,0.3068543565287255,-1.1891521817848036
2019-12-05,22.58417769268341,7.9471354725114995
2019-12-06,0.2479746944182552,6.232788292162584
2019-12-09,3.577755832016468,4.871567188191506
2019-12-10,27.19362448125426,10.782077411380223
2019-12-11,-4.49160714572109,9.822385110930261
2019-12-12,-7.07633811663743,3.8902819490660923
2019-12-13,-24.1928127491577,-0.9978755396490981
2019-12-16,-2.62380698361946,-2.2381881027762836
2019-12-17,9.80932150725322,-5.715048697576491
2019-12-18,4.965690180606674,-3.8235892323109395
2019-12-19,-12.544416899486,-4.917204988880653
2019-12-20,0.5125958529748024,0.02387673154584735
2019-12-23,4.119180127476808,1.372474153765101
2019-12-24,12.32137087735906,1.8748840277862686
2019-12-26,24.3462821489009,5.751002421445114
2019-12-27,-11.8308496325989,5.893715874822535
2019-12-30,5.218347540637944,6.834866212355162
2019-12-31,6.132437540532091,7.237517694966219
2020-01-02,-2.53212459660601,4.266818600173205
2020-01-03,2.131,-0.17623782960697518
2020-01-06,3.725,2.9349320969128048
2020-01-07,8.876,3.6664625887852162
2020-01-08,-2.544,1.9311750806787977
2020-01-09,3.428,3.1231999999999998
2020-01-10,-30.928,-3.4886000000000004
2020-01-13,3.935,-3.446600000000001
2020-01-14,-5.528,-6.3274
2020-01-15,-11.01,-8.0206
2020-01-16,2.482,-8.2098
2020-01-17,-14.019,-4.828
2020-01-21,6.871,-4.2408
2020-01-22,8.555,-1.4241999999999995
2020-01-23,-0.486,0.6806000000000003
2020-01-24,-18.846,-3.585
2020-01-27,12.491,1.7169999999999999
2020-01-28,-5.14,-0.6852000000000003
2020-01-29,-1.278,-2.6518000000000006
2020-01-30,-2.288,-3.0122000000000004
2020-01-31,-9.64,-1.171
2020-02-03,1.679,-3.3334
2020-02-04,5.617,-1.182
2020-02-05,2.654,-0.3956000000000001
2020-02-06,-4.267,-0.7914000000000001
2020-02-07,-0.012,1.1341999999999999
2020-02-10,2.549,1.3082
2020-02-11,23.801,4.944999999999999
2020-02-12,-4.656,3.4829999999999997
2020-02-13,9.862,6.3088
2020-02-14,-28.582,0.5947999999999993
2020-02-18,20.663,4.217599999999999
2020-02-19,6.311,0.7195999999999998
2020-02-20,7.694,3.1896
2020-02-21,-3.865,0.4441999999999998
2020-02-24,-3.988,5.3629999999999995
2020-02-25,5.729,2.3762
2020-02-26,-7.637,-0.4133999999999999
2020-02-27,12.057,0.4592000000000002
2020-02-28,-5.554,0.12140000000000022
2020-03-02,-10.747,-1.2304
2020-03-03,5.95,-1.1862
2020-03-04,34.339,7.2090000000000005
2020-03-05,28.966,10.590799999999998
2020-03-06,11.437,13.988999999999999
2020-03-09,9.032,17.944799999999997
2020-03-10,23.123,21.3794
2020-03-11,19.235,18.358600000000003
2020-03-12,17.79,16.123399999999997
2020-03-13,-3.741,13.087800000000001
2020-03-16,47.53300000000001,20.788000000000004
2020-03-17,46.472,25.457800000000002
2020-03-18,32.08,28.0268
2020-03-19,38.363,32.1414
2020-03-20,55.751,44.0398
2020-03-23,55.34,45.6012
2020-03-24,53.453,46.9974
2020-03-25,46.198,49.821000000000005
2020-03-26,57.45,53.638400000000004
2020-03-27,44.1,51.308200000000014
2020-03-30,-5.496,39.141
2020-03-31,18.318,32.114
2020-04-01,58.24,34.522400000000005
2020-04-02,40.24,31.080400000000004
2020-04-03,0.786,22.4176
2020-04-06,0.688,23.654400000000003
2020-04-07,13.113,22.613400000000002
2020-04-08,17.603,14.486
2020-04-09,15.744,9.5868
2020-04-13,68.235,23.076600000000003
2020-04-14,13.884,25.7158
2020-04-15,10.27,25.147199999999998
2020-04-16,29.039,27.4344
2020-04-17,14.229,27.131399999999996
2020-04-20,29.32,19.348399999999998
2020-04-21,44.688,25.5092
2020-04-22,7.384,24.932
2020-04-23,19.613,23.046799999999998
2020-04-24,19.956,24.192200000000003
2020-04-27,28.385,24.005200000000002
2020-04-28,1.456,15.358800000000002
2020-04-29,14.386,16.7592
2020-04-30,3.523,13.5412
2020-05-01,-3.512,8.847600000000002
2020-05-04,16.009,6.3724
2020-05-05,4.823,7.0458
2020-05-06,11.67,6.502599999999999
2020-05-07,2.538,6.3056
2020-05-08,-8.249,5.358199999999999
2020-05-11,47.775,11.711400000000001
2020-05-12,22.982,15.3432
2020-05-13,4.068,13.822799999999997
2020-05-14,-2.78,12.759199999999998
2020-05-15,0.329,14.474799999999998
2020-05-18,7.939,6.507599999999999
2020-05-19,-5.305,0.8501999999999998
2020-05-20,0.5250000000000001,0.14160000000000017
2020-05-21,-0.451,0.6074000000000003
2020-05-22,-21.873,-3.8329999999999997
2020-05-26,23.258,-0.7692
2020-05-27,-0.648,0.16219999999999993
2020-05-28,13.356,2.7283999999999997
2020-05-29,-30.981,-3.377600000000001
2020-06-01,-7.861,-0.5752
2020-06-02,-1.621,-5.551
2020-06-03,-5.857,-6.5927999999999995
2020-06-04,4.564,-8.3512
2020-06-05,-20.301,-6.215199999999999
2020-06-08,-5.062,-5.655399999999999
2020-06-09,16.128,-2.1056
2020-06-10,-10.269,-2.988
2020-06-11,1.604,-3.5799999999999996
2020-06-12,-27.521,-5.024
2020-06-15,-14.395,-6.890600000000001
2020-06-16,3.514,-9.4134
2020-06-17,-0.886,-7.5367999999999995
2020-06-18,2.541,-7.3494
2020-06-19,-25.816,-7.0084
2020-06-22,20.783,0.027200000000000557
2020-06-23,6.518,0.6280000000000007
2020-06-24,-1.092,0.5868000000000004
2020-06-25,3.25,0.7286000000000004
2020-06-26,-23.739,1.1440000000000006
2020-06-29,-7.454,-4.5034
2020-06-30,-18.335,-9.474
2020-07-01,14.885,-6.278600000000002
2020-07-02,-41.496,-15.227800000000002
2020-07-06,43.566,-1.7668000000000006
2020-07-07,10.039,1.7317999999999993
2020-07-08,-8.556,3.6876000000000007
2020-07-09,-4.163,-0.12199999999999989
2020-07-10,-15.23,5.1312000000000015
2020-07-13,-2.412,-4.0644
2020-07-14,-31.625,-12.3972
2020-07-15,-33.427,-17.3714
2020-07-16,-2.917,-17.1222
2020-07-17,-13.89,-16.8542
2020-07-20,15.268,-13.3182
2020-07-21,15.295,-3.9341999999999997
2020-07-22,7.434,4.2379999999999995
2020-07-23,-20.499,0.7216000000000008
2020-07-24,-15.922,0.3152000000000001
2020-07-27,14.423,0.14619999999999997
2020-07-28,3.118,-2.2891999999999997
2020-07-29,8.24,-2.1279999999999997
2020-07-30,-4.177,1.1364
2020-07-31,7.831,5.887
2020-08-03,-19.877,-0.9729999999999996
2020-08-04,11.857,0.7748000000000005
2020-08-05,5.999,0.3266
2020-08-06,-3.493,0.4633999999999999
2020-08-07,-22.168,-5.5363999999999995
2020-08-10,3.987,-0.7636000000000003
2020-08-11,-2.504,-3.6357999999999997
2020-08-12,-6.923,-6.2202
2020-08-13,7.554,-4.010799999999999
2020-08-14,-19.892,-3.5555999999999996
2020-08-17,12.017,-1.9496000000000002
2020-08-18,4.123,-0.6241999999999999
2020-08-19,-7.701,-0.7797999999999998
2020-08-20,12.041,0.11760000000000019
2020-08-21,-30,-1.904
2020-08-24,2.379,-3.8315999999999995
2020-08-25,17.836,-1.089
2020-08-26,-2.015,0.04819999999999967
2020-08-27,-12.275,-4.815
2020-08-28,-12.954,-1.4058000000000004
2020-08-31,14.436,1.0055999999999994
2020-09-01,-16.295,-5.820600000000001
2020-09-02,-12.299,-7.8774
2020-09-03,-14.096,-8.2416
2020-09-04,-16.402,-8.9312
2020-09-08,14.647,-8.889
2020-09-09,-17.829,-9.1958
2020-09-10,-6.064,-7.9488
2020-09-11,-9.876,-7.1048
2020-09-14,-24.127,-8.649799999999999
2020-09-15,-11.531,-13.8854
2020-09-16,-4.874,-11.2944
2020-09-17,-4.373,-10.956199999999999
2020-09-18,-11.806,-11.3422
2020-09-21,12.84,-3.9488000000000008
2020-09-22,4.891,-0.6643999999999994
2020-09-23,-1.982,-0.08599999999999972
2020-09-24,-7.465,-0.7043999999999999
2020-09-25,13.201,4.297000000000001
2020-09-28,-1.465,1.436
2020-09-29,3.659,1.1896000000000002
2020-09-30,-20.77,-2.568
2020-10-01,-20.881,-5.2512
2020-10-02,-18.737,-11.6388
2020-10-05,4.019,-10.542
2020-10-06,7.82,-9.709799999999998
2020-10-07,6.235000000000001,-4.3088
2020-10-08,-6.094,-1.3513999999999995
2020-10-09,-15.624,-0.7288
2020-10-13,10.468,0.5610000000000002
2020-10-14,-6.716,-2.3462000000000005
2020-10-15,10.103,-1.5726000000000002
2020-10-16,-20.995,-4.5528
2020-10-19,-0.511,-1.5302000000000002
2020-10-20,4.195,-2.7847999999999997
2020-10-21,-5.282,-2.498
2020-10-22,5.739,-3.3708
2020-10-23,-22.111,-3.594
2020-10-26,23.624,1.2329999999999999
2020-10-27,-8.9,-1.3860000000000003
2020-10-28,-3.076,-0.9448000000000004
2020-10-29,8.073,-0.4780000000000005
2020-10-30,-1.266,3.691
2020-11-02,-23.728,-5.779400000000001
2020-11-03,-4.084,-4.8162
2020-11-04,0.883,-4.0244
2020-11-05,14.472,-2.7446
2020-11-06,-9.716,-4.4346000000000005
2020-11-09,-8.58,-1.4049999999999998
2020-11-10,-11.797,-2.9476
2020-11-12,15.47,-0.03019999999999996
2020-11-13,-17.578,-6.4402
2020-11-16,-6.182,-5.7334000000000005
2020-11-17,16.404,-0.7365999999999999
2020-11-18,-2.054,1.2120000000000002
2020-11-19,-4.912,-2.8644
2020-11-20,2.413,1.1337999999999997
2020-11-23,10.943,4.5588
2020-11-24,-9.314,-0.5847999999999999
2020-11-25,10.004,1.8267999999999998
2020-11-27,15.003,5.8098
2020-11-30,2.905,5.9082
2020-12-01,-1.039,3.5117999999999996
2020-12-02,-22.419,0.8907999999999994
2020-12-03,21.517,3.1933999999999996
2020-12-04,-9.493,-1.7058000000000004
2020-12-07,8.5,-0.5868000000000005
2020-12-08,12.631,2.1471999999999998
2020-12-09,-1.458,6.3394
2020-12-10,15.9,5.215999999999999
2020-12-11,-17.267,3.6612
2020-12-14,3.068,2.5748
2020-12-15,-15.651,-3.0816
2020-12-16,-33.034,-9.396799999999999
2020-12-17,24.634,-7.65
2020-12-18,-22.469,-8.6904
2020-12-21,20.952,-5.1136
2020-12-22,7.366,-0.5101999999999997
2020-12-23,-8.149,4.466800000000001
2020-12-24,-20.697,-4.5994
2020-12-28,15.771,3.0486000000000013
2020-12-29,2.764,-0.5889999999999993
2020-12-30,27.751,3.488000000000001
2020-12-31,5.015,6.120800000000001
2021-01-04,-22.896,5.681
2021-01-05,-1.54,2.2188000000000003
2021-01-06,0.924,1.8507999999999996
2021-01-07,0.063,-3.6868000000000003
2021-01-08,-1.304,-4.9506
2021-01-11,-11.836,-2.7386
2021-01-12,10.039,-0.4228000000000002
2021-01-13,-4.845,-1.5766
2021-01-14,-13.875,-4.3642
2021-01-15,-14.127,-6.9288
2021-01-19,3.188,-3.9240000000000004
2021-01-20,17.959,-2.3400000000000007
2021-01-21,19.537,2.536399999999999
2021-01-22,-14.132,2.485
2021-01-25,13.592,8.0288
2021-01-26,10.193,9.429799999999998
2021-01-27,0.014,5.8408
2021-01-28,18.557,5.644799999999999
2021-01-29,-15.849,5.301399999999999
2021-02-01,-16.178,-0.6526000000000011
2021-02-02,-3.272,-3.3456
2021-02-03,0.102,-3.3280000000000003
2021-02-04,16.069,-3.8256000000000006
2021-02-05,-10.922,-2.8402000000000003
2021-02-08,7.473,1.89
2021-02-09,15.032,5.5508
2021-02-10,-0.312,5.467999999999999
2021-02-11,5.394,3.3329999999999997
2021-02-12,-15.217,2.4739999999999993
2021-02-16,6.549,2.2892
2021-02-17,19.55,3.1927999999999996
2021-02-18,4.62,4.1792
2021-02-19,-6.113,1.8778000000000006
2021-02-22,12.714,7.464
2021-02-23,5.067,7.1676
2021-02-24,0.717,3.401
2021-02-25,55.751,13.627199999999998
2021-02-26,-31.873,8.475199999999997
2021-03-01,-37.774,-1.6224000000000012
2021-03-02,21.332,1.630599999999999
2021-03-03,11.7,3.827199999999999
2021-03-04,0.95,-7.133000000000001
2021-03-05,-6.924,-2.1432
2021-03-08,12.501,7.9117999999999995
2021-03-09,-4.187,2.807999999999999
2021-03-10,12.084,2.8848
2021-03-11,11.422,4.9792000000000005
2021-03-12,-15.523,3.2594000000000003
2021-03-15,4.717,1.7025999999999997
2021-03-16,-12.756,-0.011200000000000187
2021-03-17,3.555,-1.717
2021-03-18,16.452,-0.711
2021-03-19,-8.966,0.6004000000000002
2021-03-22,23.566,4.3702
2021-03-23,11.439,9.2092
2021-03-24,22.209,12.940000000000001
2021-03-25,12.086,12.0668
2021-03-26,13.153,16.4906
2021-03-29,18.578,15.492999999999999
2021-03-30,12.54,15.7132
2021-03-31,-9.52,9.3674
2021-04-01,-58.02,-4.6537999999999995
2021-04-05,41.642999999999994,1.0441999999999978
2021-04-06,9.585,-0.7544000000000011
2021-04-07,1.276,-3.0072000000000023
2021-04-08,15.911,2.078999999999998
2021-04-09,-5.83,12.517
2021-04-12,1.241,4.4366
2021-04-13,2.777,3.075
2021-04-14,-30.676,-3.3153999999999995
2021-04-15,6.207,-5.2562
2021-04-16,-10.294,-6.148999999999999
2021-04-19,-1.72,-6.741199999999999
2021-04-20,20.418,-3.2129999999999996
2021-04-21,-4.723,1.9775999999999996
2021-04-22,21.613,5.0588
2021-04-23,-9.582,5.2012
2021-04-26,22.975,10.1402
2021-04-27,28.691,11.7948
2021-04-28,-1.288,12.481800000000002
2021-04-29,17.069,11.573000000000002
2021-04-30,-13.123,10.8648
2021-05-03,-20.206,2.2285999999999992
2021-05-04,4.4,-2.6296000000000004
2021-05-05,1.016,-2.1687999999999996
2021-05-06,4.114,-4.7598
2021-05-07,-5.528,-3.2407999999999992
2021-05-10,13.678,3.5360000000000005
2021-05-11,5.349,3.7258000000000004
2021-05-12,-8.113,1.9
2021-05-13,21.165,5.3102
2021-05-14,-29.903,0.43520000000000036
2021-05-17,-0.993,-2.4989999999999997
2021-05-18,11.359,-1.2969999999999995
2021-05-19,13.999,3.1254
2021-05-20,16.318,2.1560000000000006
2021-05-21,9.83,10.1026
2021-05-24,9.243,12.1498
2021-05-25,30.691,16.0162
2021-05-26,1.865,13.589400000000001
2021-05-27,3.628,11.0514
2021-05-28,-2.219,8.6416
2021-06-01,8.43,8.479
2021-06-02,2.664,2.8736
2021-06-03,-5.336,1.4334
2021-06-04,-3.544,-0.0010000000000000675
2021-06-07,2.126,0.8679999999999998
2021-06-08,-2.044,-1.2268000000000001
2021-06-09,-11.024,-3.9644000000000004
2021-06-10,5.106,-1.876
2021-06-11,-13.72,-3.9112
2021-06-14,4.96,-3.3444000000000003
2021-06-15,-2.98,-3.5315999999999996
2021-06-16,-13.055,-3.9378
2021-06-17,-9.147,-6.7884
2021-06-18,-36.482,-11.3408
2021-06-21,10.436,-10.2456
2021-06-22,3.11,-9.0276
2021-06-23,6.733,-5.069999999999999
2021-06-24,-11.508,-5.542199999999999
2021-06-25,-1.414,1.4714000000000003
2021-06-28,9.975,1.3792000000000002
2021-06-29,6.682,2.0936
2021-06-30,-17.194,-2.6917999999999997
2021-07-01,-16.373,-3.6647999999999996
2021-07-02,-20.014,-7.3848
2021-07-06,22.373,-4.9052
2021-07-07,-5.7,-7.381600000000001
2021-07-08,1.435,-3.6558
2021-07-09,-38.604,-8.102
2021-07-12,10.122,-2.0747999999999998
2021-07-13,7.406,-5.0682
2021-07-14,-28.704,-9.669
2021-07-15,0.252,-9.9056
2021-07-16,-5.554,-3.2956000000000003
2021-07-19,-4.191,-6.1582
2021-07-20,-13.745,-10.3884
2021-07-21,34.807,2.3138000000000005
2021-07-22,-6.797,0.9040000000000001
2021-07-23,-19.889,-1.9629999999999996
2021-07-26,35.729,6.021000000000001
2021-07-27,12.609,11.2918
2021-07-28,0.819,4.4942
2021-07-29,6.986,7.2508
2021-07-30,2.118,11.6522
2021-08-02,-14.268,1.6527999999999998
2021-08-03,8.042,0.7393999999999998
2021-08-04,-4.246,-0.2736000000000004
2021-08-05,6.22,-0.42680000000000023
2021-08-06,-14.761,-3.8026000000000004
2021-08-09,4.839000000000001,0.01880000000000006
2021-08-10,-24.039,-6.397399999999999
2021-08-11,12.584,-3.0314
2021-08-12,16.656,-0.9442
2021-08-13,-18.835,-1.7590000000000003
2021-08-16,8.831,-0.9606000000000009
2021-08-17,-1.953,3.4565999999999995
2021-08-18,6.182,2.1761999999999992
2021-08-19,-14.286,-4.0122
2021-08-20,-12.869,-2.819
2021-08-23,18.275,-0.9301999999999999
2021-08-24,6.141,0.6885999999999999
2021-08-25,11.419,1.7359999999999995
2021-08-26,5.278,5.6488
2021-08-27,-10.667,6.089199999999998
2021-08-30,-2.267,1.9808000000000003
2021-08-31,12.663,3.2851999999999997
2021-09-01,-23.073,-3.6132000000000004
2021-09-02,-9.548,-6.5784
2021-09-03,-20.226,-8.4902
2021-09-07,24.17,-3.202799999999999
2021-09-08,5.125,-4.7104
2021-09-09,12.165,2.3372
2021-09-10,-11.156,2.0156
2021-09-13,-10.959,3.8690000000000007
2021-09-14,-13.08,-3.5810000000000004
2021-09-15,-21.579,-8.921800000000001
2021-09-16,15.115,-8.3318
2021-09-17,-4.58,-7.0165999999999995
2021-09-20,7.65,-3.2947999999999995
2021-09-21,20.801,3.4813999999999994
2021-09-22,14.542,10.7056
2021-09-23,-1.695,7.3435999999999995
2021-09-24,-7.962,6.667199999999999
2021-09-27,15.297,8.1966
2021-09-28,14.368,6.910000000000001
2021-09-29,13.237,6.649000000000001
2021-09-30,-7.815,5.425000000000001
2021-10-01,-12.923,4.4328
2021-10-04,-12.77,-1.1806
2021-10-05,8.243,-2.4056
2021-10-06,9.675,-3.1179999999999986
2021-10-07,-0.216,-1.598199999999999
2021-10-08,-9.192,-0.8519999999999998
2021-10-12,6.096,2.9212
2021-10-13,6.153,2.5032000000000005
2021-10-14,-4.262,-0.2841999999999999
2021-10-15,-2.906,-0.8222000000000002
2021-10-18,3.523,1.7207999999999999
2021-10-19,-2.969,-0.09219999999999998
2021-10-20,-0.598,-1.4423999999999997
2021-10-21,6.486,0.7072
2021-10-22,-4.215,0.4454000000000001
2021-10-25,26.944,5.1296
2021-10-26,7.168,7.156999999999999
2021-10-27,9.021,9.0808
2021-10-28,-1.104,7.5628
2021-10-29,-12.851,5.835600000000001
2021-11-01,1.228,0.6923999999999999
2021-11-02,6.103,0.4793999999999999
2021-11-03,-0.275,-1.3798000000000006
2021-11-04,14.654,1.7717999999999996
2021-11-05,-7.803,2.7814
2021-11-08,1.745,2.8848
2021-11-09,13.859,4.436
2021-11-10,-16.058,1.2793999999999996
2021-11-12,-13.266,-4.3046
2021-11-15,12.248,-0.2944000000000003
2021-11-16,11.409,1.6384
2021-11-17,-1.467,-1.4268
2021-11-18,14.839,4.752599999999999
2021-11-19,4.021,8.21
2021-11-22,16.416,9.043600000000001
2021-11-23,-11.805,4.400799999999999
2021-11-24,-9.304,2.8333999999999993
2021-11-26,31.027,6.071000000000001
2021-11-29,-1.839,4.899000000000001
2021-11-30,0.226,1.661
2021-12-01,2.284,4.4788
2021-12-02,2.388,6.8172
2021-12-03,-16.169,-2.6220000000000003
2021-12-06,21.773,2.1003999999999996
2021-12-07,-10.144,0.026399999999999934
2021-12-08,-1.041,-0.6386000000000002
2021-12-09,5.306,-0.05500000000000025
2021-12-10,-1.111,2.9565999999999995
2021-12-13,-2.233,-1.8446000000000002
2021-12-14,-22.478,-4.311400000000001
2021-12-15,17.363,-0.6306000000000005
2021-12-16,10.473,0.4027999999999995
2021-12-17,-12.34,-1.8430000000000004
2021-12-20,13.963,1.3961999999999997
2021-12-21,27.156,11.322999999999999
2021-12-22,-10.923,5.665799999999999
2021-12-23,-30.358,-2.5004000000000013
2021-12-27,59.726,11.912799999999999
2021-12-28,19.86,13.0922
2021-12-29,-8.175,6.026
2021-12-30,27.81,13.7726
2021-12-31,19.091,23.6624
2022-01-03,-42.088,3.2995999999999994
2022-01-04,-16.071,-3.8866000000000005
2022-01-05,0.446,-2.162400000000001
2022-01-06,-6.325,-8.9894
2022-01-07,-17.437,-16.295
2022-01-10,7.952,-6.287000000000001
2022-01-11,-5.08,-4.088800000000001
2022-01-12,-0.913,-4.3606
2022-01-13,3.841,-2.3274
2022-01-14,-59.02,-10.644000000000002
2022-01-18,-4.249,-13.084200000000001
2022-01-19,-1.828,-12.433800000000002
2022-01-20,8.261,-10.599
2022-01-21,-9.243,-13.215800000000002
2022-01-24,9.21,0.43019999999999997
2022-01-25,17.052,4.6903999999999995
2022-01-26,0.24,5.104
2022-01-27,-8.64,1.7237999999999993
2022-01-28,-12.39,1.0943999999999996
2022-01-31,-6.136,-1.9748000000000006
2022-02-01,18.143,-1.7565999999999995
2022-02-02,-5.878,-2.9802
2022-02-03,0.927,-1.0668
2022-02-04,-26.325,-3.8537999999999997
2022-02-07,-5.853,-3.7971999999999992
2022-02-08,3.177,-6.7904
2022-02-09,-5.171,-6.648999999999999
2022-02-10,26.145,-1.6053999999999995
2022-02-11,-20.472,-0.4347999999999999
2022-02-14,-37.047,-6.673599999999999
2022-02-15,-3.62,-8.033
2022-02-16,4.164,-6.1659999999999995
2022-02-17,-7.951,-12.985199999999997
2022-02-18,-16.37,-12.1648
2022-02-22,12.194,-2.3166
2022-02-23,14.792,1.3658000000000001
2022-02-24,27.76,6.085
2022-02-25,9.178,9.5108
2022-02-28,-12.175,10.349800000000002
2022-03-01,15.81,11.073000000000002
2022-03-02,7.131,9.5408
2022-03-03,-21.29,-0.26919999999999933
2022-03-04,-27.324,-7.569599999999999
2022-03-07,3.075,-4.5196
2022-03-08,12.096,-5.2624
2022-03-09,8.283000000000001,-5.031999999999999
2022-03-10,21.729,3.5717999999999996
2022-03-11,-22.571,4.522399999999999
2022-03-14,-14.262,1.0550000000000004
2022-03-15,7.183,0.07239999999999966
2022-03-16,-5.179,-2.6200000000000006
2022-03-17,-11.995,-9.364799999999999
2022-03-18,-9.328,-6.716200000000001
2022-03-21,11.675,-1.5287999999999997
2022-03-22,10.448,-0.8757999999999996
2022-03-23,11.87,2.534
2022-03-24,21.854,9.303799999999999
2022-03-25,-1.953,10.7788
2022-03-28,-4.701,7.503599999999999
2022-03-29,4.037,6.221399999999999
2022-03-30,6.325,5.112399999999999
2022-03-31,5.089,1.7594
2022-04-01,-36.851,-5.2202
2022-04-04,4.95,-3.29
2022-04-05,10.582,-1.9809999999999994
2022-04-06,-7.981,-4.8422
2022-04-07,13.6,-3.1399999999999997
2022-04-08,21.642,8.5586
2022-04-11,-4.417,6.6852
2022-04-12,-5.115,3.5458
2022-04-13,-29.253,-0.7086000000000012
2022-04-14,-105.382,-24.505000000000003
2022-04-18,58.677,-17.098000000000003
2022-04-19,-27.142,-21.643
2022-04-20,8.58,-18.904
2022-04-21,10.784,-10.896600000000003
2022-04-22,-3.701,9.4396
2022-04-25,15.34,0.7722000000000004
2022-04-26,2.533,6.7072
2022-04-27, ,4.991200000000001
2022-04-28,33.012,9.4368
2022-04-29,-0.955,9.986
2022-05-02,-16.526,3.612800000000001
2022-05-03,-12.372,0.6318000000000005
2022-05-04,12.878,3.2074000000000007
2022-05-05,-9.759,-5.3468
2022-05-06,-20.817,-9.3192
2022-05-09,0.346,-5.9448
2022-05-10,5.985,-2.2734
2022-05-11,10.445,-2.7600000000000002
2022-05-12,22.295,3.6508000000000003
2022-05-13,-28.661,2.0819999999999994
2022-05-16,6.543,3.3213999999999997
2022-05-17,-11.574,-0.19039999999999999
2022-05-18,-6.436,-3.5665999999999998
2022-05-19,15.775,-4.8706000000000005
2022-05-20,6.545,2.1706000000000003
2022-05-23,15.274,3.9168000000000007
2022-05-24,-9.265,4.3786000000000005
2022-05-25,17.888,9.2434
2022-05-26,-4.844,5.1196
2022-05-27,-14.113,0.9879999999999995
2022-05-31,7.671,-0.5325999999999999
2022-06-01,15.048,4.33
2022-06-02,8.095,2.3714
2022-06-03,-20.944,-0.8485999999999997
2022-06-06,11.637,4.3014
2022-06-07,-6.357,1.4958000000000005
2022-06-08,25.81,3.6482
2022-06-09,-5.337,0.9618000000000002
2022-06-10,-1.357,4.8792
2022-06-13,17.986,6.149
2022-06-14,-9.318,5.556800000000001
2022-06-15,-11.426,-1.8903999999999996
2022-06-16,-22.917,-5.4064
2022-06-17,-10.728,-7.2806
2022-06-21,16.827,-7.5123999999999995
2022-06-22,9.083,-3.8322000000000003
2022-06-23,10.672,0.5873999999999999
2022-06-24,-21.612,0.8484000000000009
2022-06-27,-0.41,2.9120000000000017
2022-06-28,7.875,1.1216000000000008
2022-06-29,-0.763,-0.8475999999999996
2022-06-30,6.806,-1.6207999999999998
2022-07-01,2.974,3.2963999999999998
2022-07-05,16.927,6.763800000000001
2022-07-06,-8.102,3.5683999999999996
2022-07-07,6.341,4.9892
2022-07-08,-12.099,1.2082000000000002
2022-07-11,3.102,1.2338
2022-07-12,11.258,0.1
2022-07-13,3.08,2.3364
2022-07-14,6.272,2.3226
2022-07-15,-19.768,0.7887999999999991
2022-07-18,3.473,0.8629999999999998
2022-07-19,10.867,0.7848
2022-07-20,0.145,0.19780000000000025
2022-07-21,16.134,2.1702
2022-07-22,-22.054,1.7130000000000003
2022-07-25,20.398,5.098000000000001
2022-07-26,9.639,4.8524
2022-07-27,-11.03,2.6174000000000004
2022-07-28,0.362,-0.5369999999999997
2022-07-29,-19.712,-0.0686000000000007
2022-08-01,12.537,-1.6407999999999998
2022-08-02,1.966,-3.1753999999999993
2022-08-03,-10.752,-3.1198
2022-08-04,-1.967,-3.5855999999999995
2022-08-05,1.379,0.6325999999999998
2022-08-08,-13.998,-4.6744
2022-08-09,48.549,4.6422
2022-08-10,-9.737,4.8452
2022-08-11,1.821,5.6028
2022-08-12,-5.042,4.318600000000001
2022-08-15,-8.224,5.473399999999999
2022-08-16,3.613,-3.5138000000000007
2022-08-17,3.284,-0.9096000000000002
2022-08-18,6.522,0.030599999999999915
2022-08-19,-15.11,-1.9829999999999999
2022-08-22,14.763,2.6144000000000003
2022-08-23,4.998,2.8914
2022-08-24,0.255,2.2856000000000005
2022-08-25,6.697,2.3206
2022-08-26,-4.818,4.379
2022-08-29,1.77,1.7803999999999998
2022-08-30,5.818999999999999,1.9445999999999999
2022-08-31,-10.34,-0.17439999999999997
2022-09-01,-0.674,-1.6486
2022-09-02,-16.529,-3.9908
2022-09-06,23.956,0.44639999999999985
2022-09-07,-9.94,-2.7054
2022-09-08,15.906,2.5438
2022-09-09,-6.873,1.304
2022-09-12,-4.89,3.6317999999999997
2022-09-13,15.157,1.8720000000000003
2022-09-14,-22.264,-0.5927999999999998
2022-09-15,-4.715,-4.717
2022-09-16,-13.387,-6.0198
2022-09-19,17.802,-1.4814
2022-09-20,15.865,-1.3397999999999999
2022-09-21,12.577,5.6284
2022-09-22,-13.937,3.7840000000000003
2022-09-23,-13.492,3.7630000000000003
2022-09-26,15.691,3.3408
2022-09-27,16.79,3.5257999999999994
2022-09-28,-1.269,0.7565999999999995
2022-09-29,-8.107,1.9225999999999999
2022-09-30,-13.008,2.019400000000001
2022-10-03,14.096,1.7004000000000001
2022-10-04,-9.734,-3.6043999999999996
2022-10-05,0.238,-3.303
2022-10-06,-0.993,-1.8801999999999999
2022-10-07,-12.702,-1.8190000000000002
2022-10-11,22.989,-0.040400000000000345
2022-10-12,-7.864,0.3336
2022-10-13,15.363,3.3586
2022-10-14,-45.877,-5.6182
2022-10-17,14.121,-0.2536000000000005
2022-10-18,14.108,-2.0297999999999994
2022-10-19,-7.767,-2.0103999999999997
2022-10-20,6.41,-3.8009999999999997
2022-10-21,6.932,6.760800000000001
2022-10-24,1.675,4.2716
2022-10-25,8.535,3.157
2022-10-26,-24.336,-0.15679999999999977
2022-10-27,19.651,2.491400000000001
2022-10-28,3.378,1.7806000000000004
2022-10-31,-0.002,1.4452000000000003
2022-11-01,36.839,7.106
2022-11-02,-10.662,9.8408
2022-11-03,-9.694,3.971799999999999
2022-11-04,-15.443,0.20759999999999898
2022-11-07,11.152,2.4383999999999992
2022-11-08,3.232,-4.2829999999999995
2022-11-09,2.18,-1.7146000000000001
2022-11-10,-17.699,-3.3156000000000008
2022-11-14,-6.004,-1.4278000000000002
2022-11-15,35.478,3.4374000000000002
2022-11-16,-16.335,-0.47600000000000053
2022-11-17,2.915,-0.32900000000000046
2022-11-18,-14.647,0.28140000000000037
2022-11-21,15.437,4.569599999999999
2022-11-22,8.95,-0.7360000000000003
2022-11-23,0.433,2.6176
2022-11-25,-0.212,1.9921999999999997
2022-11-28,11.202,7.162000000000001
2022-11-29,14.561,6.9868
2022-11-30,-6.194,3.9580000000000006
2022-12-01,19.434,7.7582
2022-12-02,22.374,12.2754
2022-12-05,5.707,11.1764
2022-12-06,13.759,11.016000000000002
2022-12-07,1.316,12.518
2022-12-08,26.116,13.854400000000002
2022-12-09,-19.542,5.471199999999999
2022-12-12,-1.494,4.031000000000001
2022-12-13,14.44,4.167199999999999
2022-12-14,-11.217,1.6605999999999992
2022-12-15,4.753,-2.6120000000000005
2022-12-16,-37.617,-6.226999999999999
2022-12-19,-12.707,-8.4696
2022-12-20,25.92,-6.173599999999999
2022-12-21,-16.373,-7.2048000000000005
2022-12-22,27.704,-2.6146000000000003
2022-12-23,-14.897,1.9294
2022-12-27,5.574,5.585600000000001
2022-12-28,3.867,1.1749999999999998
2022-12-29,53.543,15.158199999999999
2022-12-30,-19.217,5.773999999999999
2023-01-03,34.199,15.5932
2023-01-04,4.12,15.3024
2023-01-05,1.919,14.9128
2023-01-06,-15.823,1.0396
2023-01-09,-6.712,3.5405999999999986
2023-01-10,-24.035,-8.106200000000001
2023-01-11,0.943,-8.7416
2023-01-12,50.917,1.0579999999999998
2023-01-13,-55.096,-6.796599999999998
2023-01-17,0.583,-5.337599999999999
2023-01-18,-0.463,-0.6231999999999994
2023-01-19,14.475,2.0832000000000006
2023-01-20,-5.638,-9.227799999999998
2023-01-23,16.125,5.0164
2023-01-24,-1.327,4.634400000000001
2023-01-25,-5.714,3.5842
2023-01-26,10.888,2.8668
2023-01-27,-15.806,0.8332000000000004
2023-01-30,-3.49,-3.0898
2023-01-31,-5.557,-3.9358000000000004
2023-02-01,10.462,-0.7006
2023-02-02,7.3,-1.4182000000000003
2023-02-03,-22.474,-2.7518000000000002
2023-02-06,13.806,0.7073999999999995
2023-02-07,0.133,1.8454000000000002
2023-02-08,-12.894,-2.8258
2023-02-09,18.833,-0.5192000000000008
2023-02-10,-3.39,3.2976
2023-02-13,8.67,2.2703999999999995
2023-02-14,11.09,4.461799999999999
2023-02-15,-15.286,3.9834000000000005
2023-02-16,11.446,2.5059999999999993
2023-02-17,-23.415,-1.499
2023-02-21,11.666,-0.8997999999999997
2023-02-22,5.155,-2.0867999999999993
2023-02-23,23.041,5.5786
2023-02-24,-16.541,-0.01879999999999953
2023-02-27,21.573,8.978800000000001
2023-02-28,17.844,10.214400000000001
2023-03-01,23.411,13.8656
2023-03-02,23.668,13.991000000000003
2023-03-03,-29.802,11.338800000000003
2023-03-06,5.543,8.1328
2023-03-07,19.608,8.4856
2023-03-08,-15.435,0.7163999999999998
2023-03-09,18.554,-0.3064
2023-03-10,-7.499,4.1541999999999994
2023-03-13,37.69,10.583599999999999
2023-03-14,47.821,16.2262
2023-03-15,11.628,21.6388
2023-03-16,37.292,25.386400000000002
2023-03-17,-5.129,25.8604
2023-03-20,26.968,23.716
2023-03-21,47.66,23.683799999999998
2023-03-22,19.144,25.187
2023-03-23,22.105,22.1496
2023-03-24,-13.115,20.5524
2023-03-27,27.701,20.699
2023-03-28,41.854,19.537799999999997
2023-03-29,-14.03,12.903
2023-03-30,27.954,14.0728
2023-03-31,3.539,17.403600000000004
2023-04-03,-7.65,10.333400000000001
2023-04-04,27.969,7.556400000000001
2023-04-05,7.87,11.9364
2023-04-06,-37.994,-1.2531999999999996
2023-04-10,56.608,9.3606
2023-04-11,1.996,11.2898
2023-04-12,8.19,7.333999999999999
2023-04-13,-0.407,5.678599999999999
2023-04-14,-37.474,5.7826
2023-04-17,10.762,-3.386599999999999
2023-04-18,-10.204,-5.826599999999999
2023-04-19,-7.465,-8.9576
2023-04-20,22.501,-4.3759999999999994
2023-04-21,3.441,3.807
2023-04-24,15.961,4.8468
2023-04-25,14.193,9.7262
2023-04-26,8.668,12.9528
2023-04-27,0.116,8.4758
2023-04-28,-21.18,3.5516000000000005
2023-05-01,45.14099999999999,9.387599999999997
2023-05-02,14.536,9.456199999999999
2023-05-03,3.944,8.511399999999998
2023-05-04,2.793,9.0468
2023-05-05,-14.699,10.343
2023-05-08,18.244,4.9636
2023-05-09,13.56,4.7684
2023-05-10,-7.133,2.553000000000001
2023-05-11,15.266,5.0476
2023-05-12,-8.365,6.314400000000001
2023-05-15,11.242,4.914
2023-05-16,-2.028,1.7963999999999998
2023-05-17,4.492,4.1214
2023-05-18,21.814,5.431
2023-05-19,10.684,9.240799999999998
2023-05-22,13.025,9.597399999999999
2023-05-23,9.641,11.9312
2023-05-24,-10.9,8.852799999999998
2023-05-25,5.648,5.6196
2023-05-26,-24.208,-1.3587999999999993
2023-05-30,23.825,0.8012
2023-05-31,13.443,1.5615999999999997
2023-06-01,23.137,8.369
2023-06-02,-9.175,5.404400000000001
2023-06-05,8.977,12.041400000000001
2023-06-06,9.882,9.252799999999999
2023-06-07,6.532,7.870599999999999
2023-06-08,19.676,7.178399999999999
2023-06-09,-11.631,6.6872
2023-06-12,24.168,9.7254
2023-06-13,-1.294,7.4902
2023-06-14,-39.223,-1.6608000000000012
2023-06-15,3.077,-4.9806
2023-06-16,-44.593,-11.573
2023-06-20,15.221,-13.3624
2023-06-21,5.459,-12.0118
2023-06-22,8.146,-2.538000000000001
2023-06-23,-26.622,-8.4778
2023-06-26,19.818,4.404400000000001
2023-06-27,2.418,1.8438000000000003
2023-06-28,-9.34,-1.1159999999999994
2023-06-29,2.58,-2.2291999999999996
2023-06-30,13.534,5.8020000000000005
2023-07-03,1.14,2.0664000000000002
2023-07-05,28.674,7.3176000000000005
2023-07-06,-10.006,7.184399999999999
2023-07-07,-25.293,1.6098
2023-07-10,4.058,-0.28539999999999993
2023-07-11,16.569,2.8004
2023-07-12,-4.809,-3.8962000000000003
2023-07-13,22.948,2.6946
2023-07-14,-38.658,0.021599999999999397
2023-07-17,12.995,1.8089999999999993
2023-07-18,22.415,2.9781999999999993
2023-07-19,-10.035,1.9329999999999992
2023-07-20,17.172,0.7777999999999992
2023-07-21,-7.056,7.0982
2023-07-24,9.107,6.3206
2023-07-25,24.05,6.6476
2023-07-26,-12.239,6.206799999999999
2023-07-27,-6.503,1.4717999999999996
2023-07-28,-25.655,-2.248000000000001
2023-07-31,15.788,-0.9118000000000002
2023-08-01,42.417,2.761599999999999
2023-08-02,-6.635,3.8823999999999996
2023-08-03,7.097,6.6024
2023-08-04,-12.481,9.2372
2023-08-07,9.565,7.9926
2023-08-08,12.958,2.1008000000000004
2023-08-09,-10.374,1.3529999999999998
2023-08-10,13.868,2.7072
2023-08-11,-3.311,4.5412
2023-08-14,0.719,2.7719999999999994
2023-08-15,32.342,6.6488
2023-08-16,-12.198,6.283999999999999
2023-08-17,4.178,4.346
2023-08-18,-28.814,-0.7545999999999999
2023-08-21,22.967,3.6949999999999994
2023-08-22,12.184,-0.336600000000001
2023-08-23,-11.928,-0.2826000000000004
2023-08-24,2.421,-0.6340000000000006
2023-08-25,-1.114,4.905999999999999
2023-08-28,-5.647,-0.8168000000000004
2023-08-29,16.631,0.07259999999999991
2023-08-30,-7.002,1.0578
2023-08-31,20.469,4.667400000000001
2023-09-01,30.415,10.9732
2023-09-05,20.571,16.2168
2023-09-06,-8.495,11.191600000000001
2023-09-07,17.677,16.1274
2023-09-08,-17.849,8.4638
2023-09-11,8.96,4.1728000000000005
2023-09-12,15.886,3.2358000000000002
2023-09-13,-10.367,2.8613999999999997
2023-09-14,-8.204,-2.3148000000000004
2023-09-15,-29.881,-4.7212000000000005
2023-09-18,14.415,-3.6302000000000008
2023-09-19,11.505,-4.506399999999999
2023-09-20,9.119,-0.6092000000000002
2023-09-21,16.274,4.2864
2023-09-22,-30.111,4.2404
2023-09-25,17.667,4.8908000000000005
2023-09-26,28.441,8.278
2023-09-27,-33.471,-0.23999999999999916
2023-09-28,30.818,2.668800000000001
2023-09-29,10.488,10.788600000000002
2023-10-02,23.22,11.8992
2023-10-03,11.851,8.5812
2023-10-04,-11.756,12.924199999999999
2023-10-05,16.436,10.047799999999999
2023-10-06,-34.592,1.0317999999999998
2023-10-10,22.298,0.8473999999999997
2023-10-11,-13.744,-4.2716
2023-10-12,-49.666,-11.8536
2023-10-13,-51.893,-25.519399999999997
2023-10-16,-1.385,-18.878
2023-10-17,2.78,-22.7816
2023-10-18,-0.835,-20.1998
2023-10-19,5.073000000000001,-9.251999999999999
2023-10-20,-10.854,-1.0441999999999996
2023-10-23,18.188,2.8704
2023-10-24,8.22,3.9584
2023-10-25,4.672,5.059800000000001
2023-10-26,15.386,7.122399999999999
2023-10-27,-15.7,6.1532
2023-10-30,16.584,5.8324
2023-10-31,13.862,6.960800000000001
2023-11-01,32.295,12.4854
2023-11-02,17.411,12.8904
2023-11-03,-13.187,13.393
2023-11-06,16.419,13.360000000000003
2023-11-07,12.917,13.171000000000001
2023-11-08,-6.022,5.507600000000001
2023-11-09,25.347,7.094800000000001
2023-11-10,-16.686,6.3950000000000005
2023-11-13,-7.704,1.570400000000001
2023-11-14,-0.549,-1.1227999999999994
2023-11-15,23.874,4.8564
2023-11-16,8.319,1.4507999999999999
2023-11-17,-9.214,2.9451999999999994
2023-11-20,12.538,6.993600000000001
2023-11-21,19.101,10.923599999999999
2023-11-22,-6.707,4.8073999999999995
2023-11-24,28.58,8.859599999999999
2023-11-27,22.258,15.154
2023-11-28,11.522,14.950800000000001
2023-11-29,11.775,13.4856
2023-11-30,44.134,23.653799999999997
2023-12-01,-15.07,14.9238
2023-12-04,17.468,13.965799999999998
2023-12-05,27.224,17.1062
2023-12-06,-6.021,13.547
2023-12-07,25.585,9.8372
2023-12-08,-18.076,9.236
2023-12-11,13.214,8.3852
2023-12-12,16.495,6.239400000000001
2023-12-13,-54.821,-3.520599999999999
2023-12-14,7.879,-7.0618
2023-12-15,-26.628,-8.7722
2023-12-18,-6.823,-12.779599999999999
2023-12-19,18.41,-12.396600000000001
2023-12-20,-8.124,-3.057200000000001
2023-12-21,9.349,-2.7632
2023-12-22,-4.366,1.6892
2023-12-26,35.227,10.0992
2023-12-27,-27.396,0.9379999999999995
2023-12-28,30.165,8.595799999999999
2023-12-29,-1.012,6.523599999999999
2024-01-02,54.905,18.3778
2024-01-03,-12.614,8.8096
2024-01-04,24.192,19.1272
2024-01-05,-20.992,8.8958
2024-01-08,6.639,10.426
2024-01-09,14.659,2.3768000000000002
2024-01-10,-17.329,1.4337999999999993
2024-01-11,21.771,0.9495999999999996
2024-01-12,-38.507,-2.553399999999999
2024-01-16,18.228,-0.23559999999999945
2024-01-17,-2.689,-3.705199999999999
2024-01-18,3.913,0.5432000000000008
2024-01-19,-11.226,-6.0562
2024-01-22,13.696,4.3844
2024-01-23,16.823,4.1034
2024-01-24,-15.089,1.6233999999999997
2024-01-25,25.275,5.8957999999999995
2024-01-26,-18.177,4.505599999999999
2024-01-29,-2.822,1.2020000000000002
2024-01-30,16.119,1.0611999999999995
2024-01-31,17.103,7.499600000000001
2024-02-01,24.63,7.3706000000000005