Date,Weekly Sum of Daily Equity Values
TICKERS,"TH.HFPROXFLOW.EQ.IN.D"
 , 
1994-07-02,NaN
1994-07-09,-0.08842739735562108
1994-07-16,0.022200804638752215
1994-07-24,0.18322139972886314
1994-07-30,0.23498210278758747
1994-08-06,0.2119487278821805
1994-08-13,0.1312340488728188
1994-08-20,0.3383671618644667
1994-08-27,0.06697587526781479
1994-09-03,0.3104011610496277
1994-09-10,0.14874343465772163
1994-09-17,0.15937216638510632
1994-09-24,-0.030226717707689005
1994-10-01,-0.028072092233361726
1994-10-08,-0.09470059685187
1994-10-15,0.0852755308172885
1994-10-23,0.14364127350470676
1994-10-29,0.007159017979208076
1994-11-05,0.0076194006123340985
1994-11-12,-0.08786691935784219
1994-11-19,0.0318060128611317
1994-11-26,-0.12954445540392384
1994-12-04,-0.03319035010069418
1994-12-11,-0.10422600063394094
1994-12-17,-0.10486127847890725
1994-12-24,0.08508447569279476
1995-01-01,0.05290295966750522
1995-01-07,-0.014389534859226108
1995-01-14,-0.5782155814134924
1995-01-21,-0.0003753063827347733
1995-01-28,-0.08859802679970356
1995-02-04,0.03354959091544191
1995-02-11,0.16203314354703652
1995-02-18,0.0006569675810246953
1995-02-25,-0.003980006467973758
1995-03-04,0.015428545895033272
1995-03-11,-0.1024229730802665
1995-03-18,-0.030761718651938982
1995-03-25,0.05639022346617999
1995-04-01,0.07979520844989633
1995-04-08,-0.005269649643043784
1995-04-15,-0.01539736350164899
1995-04-22,0.04212649611903303
1995-04-30,0.1765901346490448
1995-05-06,0.48530080845379153
1995-05-14,0.41492014795818843
1995-05-20,0.20501986847326464
1995-05-27,0.24176478513083927
1995-06-03,0.20790035239204907
1995-06-10,0.10825441654869541
1995-06-17,0.07029520427752446
1995-06-24,0.06939162817466615
1995-07-01,-0.010661250003525715
1995-07-08,0.3295165797045755
1995-07-15,0.26468056686744657
1995-07-22,-0.00170201709252054
1995-07-29,0.03307911025480956
1995-08-05,0.0395015061789402
1995-08-13,-0.029566131085358507
1995-08-19,-0.0175250837571137
1995-08-26,0.06637524798063127
1995-09-02,0.023894848636757646
1995-09-09,-0.0546531195952801
1995-09-16,0.15579598341937598
1995-09-23,0.02080752324333437
1995-09-30,-0.060453165277161686
1995-10-07,0.030622474157155414
1995-10-14,0.03322190946663378
1995-10-22,-0.042913793823763605
1995-10-28,-0.10344429991232089
1995-11-04,-0.1177412689593538
1995-11-11,-0.08717807454201315
1995-11-18,-0.08397096163611088
1995-11-25,0.007668089422482455
1995-12-02,0.061541910891200244
1995-12-10,0.2773265244037036
1995-12-16,0.053958495298881
1995-12-23,0.1089387316225693
1996-01-01,0.038633649898869256
1996-01-06,0.40105955436195095
1996-01-13,0.20774165584270793
1996-01-20,0.19370882345245152
1996-01-27,0.2736290192259684
1996-02-03,0.3436809677659621
1996-02-10,0.143638664992696
1996-02-17,0.10382761208150773
1996-02-24,0.03377429939730119
1996-03-02,-0.03467182108194164
1996-03-09,0.04127463170597342
1996-03-16,-0.03266474730534008
1996-03-23,0.1269479983933242
1996-03-30,0.04282841913827357
1996-04-07,0.15130831358907057
1996-04-14,0.07670705750995725
1996-04-20,0.07320066051425016
1996-04-27,0.014476507397174697
1996-05-05,0.09746907219453685
1996-05-11,0.09365305013159453
1996-05-18,0.10043695805982629
1996-05-25,-0.02985046501667928
1996-06-01,0.04840768739786365
1996-06-09,0.000650967858982414
1996-06-15,-0.11283293417631651
1996-06-22,-0.02615398268726077
1996-06-30,-0.026369502215642597
1996-07-06,0.05563511243836644
1996-07-13,-0.07742685627021137
1996-07-20,-0.12931103594195925
1996-07-27,-0.14306447989884152
1996-08-03,-0.10020151291474039
1996-08-11,-0.03690203688371121
1996-08-17,-0.07266226080762056
1996-08-24,-0.022614704764445957
1996-08-31,-0.014882590706623787
1996-09-07,-0.08581395584126353
1996-09-14,-0.09433489255203675
1996-09-21,-0.018570328296223945
1996-09-28,-0.05561296514282391
1996-10-05,-0.07038603907568523
1996-10-12,-0.2653339066133042
1996-10-19,-0.0662141627901347
1996-10-26,-0.01878414866383168
1996-11-02,-0.0583525035314439
1996-11-09,0.07170966886382124
1996-11-16,0.019289906803667104
1996-11-23,-0.110185966262275
1996-11-30,-0.1251998567162961
1996-12-07,-0.1910753240093098
1996-12-14,-0.07666633724881672
1996-12-21,-0.09913360738181551
1996-12-28,-0.018371665109563562
1996-12-31,-0.004166735402254221
1997-01-04,-0.020557924338527205
1997-01-11,0.017476408893080567
1997-01-18,-0.01904638942391124
1997-01-25,0.07328376893863715
1997-02-01,-0.03590413166244157
1997-02-08,-0.11156100630352608
1997-02-15,-0.11589064514397823
1997-02-22,0.06173435950847871
1997-03-01,0.11640661528020192
1997-03-08,-0.0015424886061793167
1997-03-15,0.17616495566849769
1997-03-22,0.06677797493336897
1997-03-29,0.0679218557461572
1997-04-06,0.11740766249540285
1997-04-14,0.08938867546374901
1997-04-19,0.07194480488320329
1997-04-26,0.016348113786663572
1997-05-04,-0.0199866821763066
1997-05-10,-0.031507098642379036
1997-05-17,-0.1346999125400018
1997-05-24,-0.03934676051069423
1997-05-31,0.004039478477504365
1997-06-07,0.007744438008799415
1997-06-14,-0.007410954638335335
1997-06-21,0.06048294139968374
1997-06-28,0.22122104322121083
1997-07-05,0.36590231195908474
1997-07-12,0.1765858444472767
1997-07-20,0.12462100179328016
1997-07-26,0.08397770963636778
1997-08-02,0.1302586978051713
1997-08-09,-0.09818177143463189
1997-08-16,0.07084528471386649
1997-08-23,-0.019877308252245835
1997-08-30,-0.07789773685377258
1997-09-06,0.043609825468900944
1997-09-13,0.07355283598733997
1997-09-20,0.031970724123789596
1997-09-27,0.07904421615957857
1997-10-04,0.05453140453361336
1997-10-11,0.031518293913598526
1997-10-18,0.0024681164369704466
1997-10-25,-0.006285795210793611
1997-11-01,-0.040937227563998584
1997-11-08,-0.012035629542069364
1997-11-15,-0.035595310973284555
1997-11-22,-0.004577309246637742
1997-11-29,0.005370180795931979
1997-12-06,0.015587427740029353
1997-12-13,0.1397320067736585
1997-12-20,0.08023403920828065
1997-12-27,0.012895087171201495
1998-01-03,0.026679421930593018
1998-01-10,0.028730033399262486
1998-01-17,0.05883057619943799
1998-01-24,0.08543928828071706
1998-01-31,0.10100932843049296
1998-02-07,0.13960897577344872
1998-02-14,0.09470121758784755
1998-02-21,0.04769905167741656
1998-02-28,0.04908951973665508
1998-03-07,0.04533945146545807
1998-03-14,0.009439794982474981
1998-03-21,0.03024384290387108
1998-03-28,-0.030714556879081256
1998-04-05,-0.010118054832267177
1998-04-14,-0.005017851790539023
1998-04-18,0.014289038005919807
1998-04-25,-0.0016824547970624897
1998-05-02,-0.00009899998090992702
1998-05-10,-0.01491395425297333
1998-05-16,-0.0029118375314964784
1998-05-23,0.012133175661129862
1998-05-30,-0.0034506710949582737
1998-06-06,0.0034000884767299445
1998-06-13,-0.007124860519560919
1998-06-20,0.006184053334290541
1998-06-27,-0.010583774706249442
1998-07-04,0.0038930056805147944
1998-07-11,-0.0016917605018075203
1998-07-18,0.004383284627502178
1998-07-25,-0.021818288596745262
1998-08-01,-0.005211287604270693
1998-08-08,-0.015130228176897253
1998-08-15,-0.033562872557254174
1998-08-22,-0.0034142713152621
1998-08-29,-0.01293038356491042
1998-09-05,-0.005548422429100884
1998-09-12,0.01700826903436594
1998-09-19,0.013675975011164646
1998-09-26,0.025373687112057453
1998-10-03,-0.005372681869895464
1998-10-10,0.033681389639393315
1998-10-17,0.0105251738481711
1998-10-24,0.023124253018280236
1998-10-31,-0.013342251371130027
1998-11-07,0.002259730636208747
1998-11-14,-0.03436448119695898
1998-11-21,0.05159555702523551
1998-11-28,0.009089475541368646
1998-12-06,-0.026233571787546192
1998-12-12,0.015192602324205615
1998-12-19,-0.007638568820640932
1998-12-26,-0.0011884079650625406
1999-01-02,-0.0005125255006694796
1999-01-09,0.059028652562155434
1999-01-16,-0.037592196058194464
1999-01-23,-0.007126534219937572
1999-01-30,-0.03707421878270328
1999-02-06,-0.05191223953029331
1999-02-13,-0.005228965745559026
1999-02-20,0.0003134711290938225
1999-02-28,-0.003127192426623868
1999-03-06,-0.009589668935715822
1999-03-13,0.04230023309710025
1999-03-20,0.015255817934218435
1999-03-27,-0.00434684761147537
1999-04-03,-0.007098937627540068
1999-04-10,0.02196389283422419
1999-04-14,0.019517628353281025
1999-04-17,0.07106582543227252
1999-04-24,0.048451661033997964
1999-05-02,0.15285613834433842
1999-05-08,0.1797475954847432
1999-05-15,-0.04666562437964932
1999-05-22,-0.052402319094068575
1999-05-30,-0.04309478511432735
1999-06-05,0.032345113181559595
1999-06-12,0.05895604517056161
1999-06-19,0.005384650040019661
1999-06-26,0.02155116670562453
1999-07-03,-0.013831027125088487
1999-07-10,-0.07152683282730839
1999-07-17,-0.0021980535831184643
1999-07-24,-0.022706270904443857
1999-07-31,-0.09305156569754278
1999-08-07,-0.03646651405067447
1999-08-14,-0.03812212809199028
1999-08-21,-0.0033336985663212637
1999-08-28,0.06018662267540973
1999-09-04,-0.02938109762787257
1999-09-11,-0.02103461465928297
1999-09-18,-0.03476524180033437
1999-09-25,-0.07249246247947326
1999-10-02,-0.004163622646202795
1999-10-09,0.008291171530106273
1999-10-16,-0.019057981746983105
1999-10-24,-0.007720710490485235
1999-10-30,0.048822691977131794
1999-11-06,0.04756531061767859
1999-11-13,0.01576284482031673
1999-11-20,-0.03372228746495082
1999-11-27,-0.03352944644776945
1999-12-05,-0.02128859336297468
1999-12-11,-0.039419285685431966
1999-12-18,-0.031107215225578806
1999-12-25,0.02722811941260583
2000-01-02,-0.007837169886137394
2000-01-08,-0.04106602030400163
2000-01-15,-0.030897993938634273
2000-01-22,0.038590116052863416
2000-01-29,-0.03957737953713461
2000-02-05,-0.05980757264104422
2000-02-12,-0.041092265145698054
2000-02-20,-0.11356496110664349
2000-02-26,-0.08629549364767782
2000-03-04,-0.031044425576958995
2000-03-11,-0.01743266637126717
2000-03-18,-0.018418328761085727
2000-03-25,-0.0263492243124314
2000-04-01,-0.013866425217979012
2000-04-08,-0.03124875422901793
2000-04-15,-0.015608014374464317
2000-04-22,-0.06465671435503585
2000-04-30,-0.01198717456616428
2000-05-06,-0.018381463111170022
2000-05-13,-0.07489462516355416
2000-05-20,-0.03476480326001741
2000-05-27,-0.050627981630149727
2000-06-03,0.013562734923131937
2000-06-10,0.010093347397587065
2000-06-17,-0.029881331852020715
2000-06-24,-0.019427834629453692
2000-07-01,0.004522802806377602
2000-07-08,0.0007888190447105838
2000-07-16,-0.005734819214489325
2000-07-22,-0.02366527735822083
2000-07-29,-0.017241165157829114
2000-08-05,0.01641938285214125
2000-08-13,0.029663055728667634
2000-08-19,0.005531916841161981
2000-08-26,-0.006350705462137905
2000-09-02,-0.015171125979978661
2000-09-09,-0.013235196096476935
2000-09-16,-0.03570460217495154
2000-09-23,-0.026789088721263628
2000-09-30,-0.0036261653371151476
2000-10-07,-0.024098413658898577
2000-10-14,-0.0343599823610828
2000-10-22,0.04269030567127041
2000-10-28,0.030999192732159907
2000-11-04,0.009786786735470331
2000-11-11,0.04420185854966882
2000-11-18,-0.011673683327657515
2000-11-25,-0.01944508323263149
2000-12-02,-0.021088774045118018
2000-12-10,-0.019825512160089858
2000-12-16,-0.0056539918281911855
2000-12-23,-0.0034640005520893092
2001-01-01,-0.001742045198958741
2001-01-06,-0.0007239841503554306
2001-01-13,0.10076773347461776
2001-01-20,0.053608725877365995
2001-01-27,0.006121536928590118
2001-02-03,-0.007810384458932195
2001-02-10,-0.0061599769353334645
2001-02-17,-0.02320110972212249
2001-02-24,-0.01843756956065077
2001-03-03,-0.005920488247342284
2001-03-10,-0.010935102238042498
2001-03-17,-0.0243393471522853
2001-03-24,-0.0716402124917413
2001-03-31,-0.016970613774595876
2001-04-07,-0.02158171966352303
2001-04-15,-0.017831191960368167
2001-04-21,0.023077518767402914
2001-04-28,-0.005946090471536072
2001-05-07,0.010207455259622663
2001-05-12,0.009235463570020346
2001-05-19,-0.0031250797784476547
2001-05-26,0.0405684864878596
2001-06-02,-0.045434044333823434
2001-06-09,-0.025044197266953238
2001-06-16,0.016438482619251644
2001-06-23,0.0019546089370839053
2001-06-30,0.012021422017856758
2001-07-07,0.01040373221702714
2001-07-14,-0.011433803229870006
2001-07-21,-0.007881241437780512
2001-07-28,-0.010176504052980238
2001-08-04,-0.03965113708408455
2001-08-12,0.013849912554890376
2001-08-18,-0.01109784958533927
2001-08-25,0.020556416382375046
2001-09-01,0.044576882536863226
2001-09-08,0.018016914864276753
2001-09-15,0.03998655474401962
2001-09-22,0.0027509222316824842
2001-09-29,-0.01435053996933182
2001-10-06,-0.0037619408234387335
2001-10-13,-0.004822933409175648
2001-10-20,-0.01853909875752393
2001-10-27,-0.011919508714443505
2001-11-03,-0.014947914853992545
2001-11-10,-0.02597650706298714
2001-11-17,-0.01333425510485747
2001-11-24,0.07851487514942282
2001-12-01,0.005099511870556102
2001-12-09,0.025062140468386868
2001-12-15,-0.1353917591742625
2001-12-22,-0.030224795683812946
2001-12-31,-0.0054574956566587505
2002-01-05,0.02248663106030485
2002-01-12,0.03380035488709858
2002-01-19,0.04049588965675137
2002-01-26,0.08166151470100703
2002-02-02,0.03782801991320933
2002-02-09,0.03388334768545007
2002-02-16,0.04995741248108262
2002-02-23,-0.025964762715650236
2002-03-02,0.052249314489295054
2002-03-09,0.05831004145052843
2002-03-16,-0.0001286208718369818
2002-03-23,0.021814236208736477
2002-03-30,-0.002899067201307684
2002-04-07,0.0008815717846276192
2002-04-15,0.051848342889942084
2002-04-20,0.10648336100186517
2002-04-27,-0.032050684250026634
2002-05-05,-0.023365101722156903
2002-05-11,0.030150442781706224
2002-05-18,-0.012621595903852678
2002-05-26,0.07193710506679074
2002-06-01,0.16904448575864434
2002-06-08,0.0492548159255289
2002-06-15,0.006365272429456531
2002-06-22,-0.0875669899382325
2002-06-30,-0.05629509362465531
2002-07-06,-0.01754097186450493
2002-07-13,0.020335568607790403
2002-07-20,-0.026512208108826284
2002-07-27,-0.08532937412272946
2002-08-03,-0.009590539290157726
2002-08-11,-0.04789461377724923
2002-08-17,0.058411827005089706
2002-08-24,0.002276499765106325
2002-08-31,-0.014545278693473324
2002-09-07,-0.05393999197061211
2002-09-14,-0.0043003661149710465
2002-09-21,-0.00012301892677302195
2002-09-28,-0.022150184860226366
2002-10-05,-0.03029445285743019
2002-10-12,-0.03632798427279444
2002-10-19,0.04123653136612076
2002-10-26,0.04281876055337081
2002-11-02,0.00417734358966948
2002-11-09,-0.007269131940124294
2002-11-16,-0.05560501374610091
2002-11-23,0.012481857762570995
2002-11-30,0.008466443977168642
2002-12-07,-0.0006343199478027273
2002-12-14,-0.02060079717129949
2002-12-21,-0.021881437317011095
2002-12-31,-0.010620350063375012
2003-01-04,-0.008712856639430899
2003-01-11,0.03733989040667036
2003-01-18,0.05811676764297773
2003-01-25,0.08932898785657815
2003-02-01,0.0053954839285728735
2003-02-08,-0.00521782674609244
2003-02-16,-0.01293990811750793
2003-02-22,-0.045890434425750706
2003-03-01,-0.021953996503358462
2003-03-08,-0.017824251344758495
2003-03-15,-0.047967008958479274
2003-03-22,0.0008233407967592099
2003-03-29,0.013186146498001962
2003-04-06,-0.0010029524999783483
2003-04-14,-0.042240219129875495
2003-04-19,-0.01627293845830765
2003-04-26,-0.07102001230369243
2003-05-04,-0.025563964043996742
2003-05-10,0.0054085452100551806
2003-05-17,0.04238146746945516
2003-05-24,0.04991178622685047
2003-05-31,0.10995379038944658
2003-06-07,0.07955477586653284
2003-06-14,0.09773409913136173
2003-06-21,0.09531860353461233
2003-06-28,-0.000986280505046802
2003-07-05,0.05894086102138941
2003-07-13,-0.04143432381705084
2003-07-19,0.032231841162655636
2003-07-26,-0.0882982295874336
2003-08-02,0.0062948457080825165
2003-08-09,-0.015645333169759985
2003-08-16,0.08411786953136553
2003-08-23,0.04001160978703981
2003-08-30,-0.05401573239427285
2003-09-06,-0.02492027751933132
2003-09-13,-0.07787969057711626
2003-09-20,-0.13185822324471466
2003-09-27,-0.0396638289547379
2003-10-04,-0.07154864585211232
2003-10-11,0.08194224950473566
2003-10-18,-0.07296469717056742
2003-10-25,-0.07194186598066778
2003-11-01,-0.0229729098331267
2003-11-08,-0.01658492786668618
2003-11-15,-0.2162775496337419
2003-11-22,-0.3234925741459127
2003-11-29,0.02879445121793675
2003-12-06,0.14223589546604554
2003-12-13,0.05957288457166096
2003-12-20,-0.03983927139265543
2003-12-27,-0.08749969553171281
2004-01-03,-0.17542356691476363
2004-01-10,-0.15238955148930872
2004-01-17,-0.252821377332271
2004-01-24,-0.015936313334602194
2004-01-31,-0.15096005929111278
2004-02-07,0.06599004144499591
2004-02-14,0.11643397588202585
2004-02-21,-0.13884170213889363
2004-02-28,-0.08078395577583185
2004-03-06,-0.04813079369729119
2004-03-13,-0.1541874830881059
2004-03-20,-0.0076999235173091304
2004-03-27,-0.03136787634103649
2004-04-03,0.15546936590573257
2004-04-10,0.26895739813040176
2004-04-14,0.1365442069777703
2004-04-17,-0.02913099618715199
2004-04-24,-0.04069193356320516
2004-05-02,-0.3390374455383546
2004-05-08,-0.43563514518741947
2004-05-15,-0.31200508494103596
2004-05-22,-0.0999835926461153
2004-05-29,0.17866210845630934
2004-06-05,0.0763237024565041
2004-06-12,-0.10640081617108216
2004-06-19,-0.050365888647727314
2004-06-26,0.07417287939320195
2004-07-03,0.1975386793316592
2004-07-10,0.12539887994495216
2004-07-17,-0.043873700604948565
2004-07-24,-0.09662531005103092
2004-08-01,-0.039600516787170775
2004-08-07,-0.061557858515014274
2004-08-14,-0.10269337273643159
2004-08-21,0.04851085517606934
2004-08-28,0.03666654769584858
2004-09-04,0.07717923827470159
2004-09-11,0.07637929416111937
2004-09-18,0.22051219089117574
2004-09-25,0.12893913744391514
2004-10-02,0.09207706348328427
2004-10-09,0.15842200268153836
2004-10-16,-0.11341039750984444
2004-10-24,0.03482677554690267
2004-10-30,-0.12477940670898022
2004-11-06,-0.02563978315580373
2004-11-13,0.05419334113004364
2004-11-20,0.17078691431144402
2004-11-27,0.19329235812494028
2004-12-05,0.2020159866141641
2004-12-11,0.12366032453850191
2004-12-18,0.26832812245155946
2004-12-25,0.19866922223179329
2005-01-02,0.04578342032350533
2005-01-08,0.5691392761230826
2005-01-15,0.2504471812235104
2005-01-22,0.35074035408551796
2005-01-29,0.09139070840249859
2005-02-05,0.13866802198862194
2005-02-12,0.3053475466550935
2005-02-19,0.10891293252381612
2005-02-26,0.20747494648717815
2005-03-05,0.07051499490539978
2005-03-12,0.020865494518233513
2005-03-19,-0.07362221818049558
2005-03-26,-0.15761695181798147
2005-04-02,-0.01616216532252867
2005-04-09,0.030921654620519917
2005-04-16,0.01090214938221504
2005-04-23,-0.16531524019656316
2005-05-01,-0.06767409026081729
2005-05-07,0.012237420888152814
2005-05-14,-0.05096390005558554
2005-05-22,-0.11294285244695061
2005-05-28,-0.028724832971923124
2005-06-04,0.0810298454223867
2005-06-11,0.0702371925167344
2005-06-18,0.12700641408818172
2005-06-25,0.15838336031106784
2005-07-02,0.02322653452282197
2005-07-09,-0.11639000352706959
2005-07-16,0.19868954518409124
2005-07-23,0.038979403189686145
2005-07-30,0.22545307130290365
2005-08-06,0.2624404602756084
2005-08-13,0.10633258137469347
2005-08-20,-0.014606703132669485
2005-08-27,0.12226702185630635
2005-09-03,0.08808436720560987
2005-09-10,0.04417245625561568
2005-09-17,-0.036361906228960156
2005-09-24,0.11135315923943828
2005-10-01,0.09023519288358532
2005-10-08,-0.12667551434919247
2005-10-15,-0.08143617980731029
2005-10-23,-0.2955766450728163
2005-10-29,-0.1873801690754188
2005-11-05,0.10846086262341206
2005-11-12,-0.016735835564404604
2005-11-19,-0.06819060866166533
2005-11-26,0.04321365498160929
2005-12-04,-0.0028296073146491813
2005-12-11,0.3169775311653639
2005-12-17,0.2159749012308201
2005-12-24,0.012134818251470026
2006-01-01,0.024892956187237567
2006-01-07,0.9534578249641192
2006-01-14,0.4904028320718043
2006-01-21,0.1697944812216804
2006-01-28,0.212468298613504
2006-02-04,0.17482989911916763
2006-02-12,0.0373788707050657
2006-02-18,0.08461125547974957
2006-02-25,0.09563316297044112
2006-03-04,0.2136041901283699
2006-03-11,-0.09879714961088358
2006-03-18,-0.05316359231907399
2006-03-25,0.013650220232847558
2006-04-01,0.06986241808914193
2006-04-08,0.5928513143249939
2006-04-15,0.41929526362973946
2006-04-22,0.0023925158844253294
2006-04-30,-0.058909427830341185
2006-05-06,-0.060414700625238654
2006-05-13,0.077922109058878
2006-05-20,-0.37125686836601807
2006-05-27,-0.5547839466551954
2006-06-03,-0.07386344116706103
2006-06-12,-0.2623433843346749
2006-06-17,-0.23536208810359846
2006-06-24,-0.03306305420365323
2006-07-01,0.11408175076616989
2006-07-08,0.1195622617141152
2006-07-15,0.08090817591259042
2006-07-22,0.026746836103818068
2006-07-29,0.03223995123318486
2006-08-05,0.08078757302369333
2006-08-13,0.1353418579161102
2006-08-19,0.11752152915376954
2006-08-26,-0.018064438577034495
2006-09-02,-0.008783076499838834
2006-09-09,-0.010583226168170793
2006-09-16,0.0779085398112883
2006-09-23,0.3370018630022232
2006-09-30,-0.0986940072635124
2006-10-07,-0.0016455166832166045
2006-10-14,0.172391008362925
2006-10-22,0.1709066734613307
2006-10-28,0.18293547184425857
2006-11-04,0.004746259392293156
2006-11-11,0.10488101753485546
2006-11-18,-0.004024517921408441
2006-11-25,-0.1245520227025555
2006-12-02,0.1339930946986722
2006-12-10,0.04422723978085559
2006-12-16,-0.07886913729931051
2006-12-23,-0.865092896647788
2007-01-01,-0.017914825061864176
2007-01-06,-0.016432273662552316
2007-01-13,0.0803898128335725
2007-01-20,0.17056651941548517
2007-01-27,0.05828464730406934
2007-02-03,0.1205617092951984
2007-02-10,0.27096973815198794
2007-02-17,0.12040716458392438
2007-02-24,0.06832818612556993
2007-03-04,-0.018800267288803175
2007-03-10,-0.0564375791973875
2007-03-17,-0.005032413362869557
2007-03-24,0.0009710678796819201
2007-03-31,0.0927203378203362
2007-04-07,0.2433608813668596
2007-04-15,0.11849590210096844
2007-04-21,-0.022938957810213496
2007-04-28,0.0827220426311166
2007-05-06,0.2176231126573909
2007-05-12,0.0678799117281606
2007-05-19,0.2206077006105619
2007-05-26,0.27667995131649303
2007-06-02,0.335006408423565
2007-06-09,0.1912016120336453
2007-06-16,0.19522968873240715
2007-06-23,0.2753230577862367
2007-06-30,0.03944840580188853
2007-07-07,0.64434963477337
2007-07-14,0.3190138550280308
2007-07-21,0.003673598993283433
2007-07-29,0.010279497997534498
2007-08-04,-0.4357971957449687
2007-08-12,-0.35136468509074303
2007-08-18,-0.7808516917656281
2007-08-25,0.049256360773304225
2007-09-01,0.09213606033008832
2007-09-08,0.0013388721109399062
2007-09-15,-0.05382224391509142
2007-09-22,0.04073534320378336
2007-09-29,0.11078421842854838
2007-10-06,0.02488858703285107
2007-10-13,0.22292203620179582
2007-10-20,0.0016937251495578176
2007-10-27,0.04717429070098246
2007-11-03,0.042756988074313176
2007-11-10,-0.33758872297952763
2007-11-17,-0.3394258415837291
2007-11-24,-0.4792888614886411
2007-12-01,-0.004579425881894576
2007-12-09,0.0030987728935917783
2007-12-15,-0.13780508655141538
2007-12-23,-0.40964527130337064
2007-12-31,0.02771137615134186
2008-01-05,-0.19728445768848152
2008-01-12,-0.37335246210671935
2008-01-19,-0.3660950911766369
2008-01-26,-0.3513036752278296
2008-02-02,0.38015295875824573
2008-02-09,0.30396440219271503
2008-02-16,0.25638744715029643
2008-02-23,0.04679124461968966
2008-03-01,0.1187189030531695
2008-03-08,-0.1509740566286654
2008-03-15,-0.05343336037235474
2008-03-22,-0.2325017024995326
2008-03-29,0.0872684531772141
2008-04-06,-0.002196030500061452
2008-04-14,-0.03423077155931109
2008-04-19,0.1868054570284869
2008-04-26,-0.037949204369372075
2008-05-04,-0.05216599792017278
2008-05-10,0.08170616785190307
2008-05-18,0.0774533523719292
2008-05-24,0.3582474514026398
2008-05-31,-0.4075319588947589
2008-06-07,-0.3762210715426016
2008-06-14,-0.2315930469372457
2008-06-21,-0.2502177221565024
2008-06-28,-0.19936391997603597
2008-07-05,-0.3283555819595749
2008-07-12,-0.3650965068961536
2008-07-19,-0.35958696730765083
2008-07-26,-0.08448487765615201
2008-08-02,-0.1002693551276091
2008-08-09,-0.09332071516736569
2008-08-16,-0.06652097600226604
2008-08-23,-0.09667578703018906
2008-08-30,-0.05721924640529112
2008-09-06,-0.3481728952588982
2008-09-13,-0.19685682138352062
2008-09-20,-0.1267581542004845
2008-09-27,-0.07211309061943556
2008-10-04,-0.10375030429117774
2008-10-11,-0.21832648355823986
2008-10-18,0.006946602970277521
2008-10-25,-0.1627329531434386
2008-11-01,-0.04787347421603155
2008-11-08,0.07692220557573361
2008-11-15,-0.08826892488160965
2008-11-22,-0.15370248526376917
2008-11-29,-0.10778445851982756
2008-12-06,-0.1758239366935541
2008-12-13,-0.17159858872756778
2008-12-20,0.0032950881701594922
2008-12-27,-0.03697969284564698
2009-01-03,-0.06200132004268088
2009-01-10,0.056010683607417545
2009-01-17,-0.07856222755856647
2009-01-24,-0.03844639103421951
2009-01-31,-0.06205077208368974
2009-02-08,-0.01963430419926761
2009-02-14,0.02980175142839077
2009-02-21,-0.04963910811489904
2009-02-28,-0.036356551657381574
2009-03-07,-0.05106997256050442
2009-03-14,-0.003941503279130287
2009-03-21,0.024089119698793744
2009-03-28,0.10165128314364175
2009-04-05,0.06503426553671715
2009-04-14,0.13068886830184828
2009-04-18,-0.04542172937429808
2009-04-25,-0.0025666961512016556
2009-05-02,0.0776674346569918
2009-05-09,0.07596946535664591
2009-05-16,0.04601352961877656
2009-05-23,0.07043698111931573
2009-05-30,0.04786119994381029
2009-06-06,0.2563244526485312
2009-06-13,0.1412653717015508
2009-06-20,-0.060462928252515896
2009-06-27,0.07569360309931339
2009-07-06,0.0423782004490731
2009-07-11,-0.10282035350907298
2009-07-18,0.04921121074407406
2009-07-25,0.10674936801974189
2009-08-01,0.21288929631017287
2009-08-08,0.19919669750986052
2009-08-15,-0.0188170838431055
2009-08-22,-0.0946326326625178
2009-08-29,0.019740909828961716
2009-09-05,-0.03330970028720581
2009-09-12,0.36838670405542717
2009-09-19,0.21557103733574096
2009-09-26,0.06162435852978897
2009-10-03,0.1300860669145942
2009-10-10,0.2225677436731366
2009-10-17,-0.07870234412688416
2009-10-24,0.008869605088562042
2009-10-31,-0.18587358598609868
2009-11-07,-0.13633621770453117
2009-11-14,-0.088982051023652
2009-11-21,-0.0704080587263001
2009-11-28,-0.12144618317459946
2009-12-06,0.05797431725116743
2009-12-12,-0.11304819229103001
2009-12-19,-0.04574370015540954
2009-12-26,-0.0030501014229624263
2010-01-02,-0.020081379782637326
2010-01-09,0.034604717455012673
2010-01-16,0.007717840723778955
2010-01-23,-0.16935275760399887
2010-01-30,-0.09926150438196657
2010-02-06,0.010284862689833894
2010-02-13,-0.06403711895102153
2010-02-20,-0.007097920443289697
2010-02-28,0.22527814604899016
2010-03-06,0.3578581461280787
2010-03-13,0.25895812229531456
2010-03-20,0.3570990433439763
2010-03-27,0.27721445810622347
2010-04-03,0.2393308253514748
2010-04-10,0.07037749383662745
2010-04-14,-0.03446340260099091
2010-04-17,-0.11675784376872478
2010-04-24,0.032407661186049166
2010-05-02,-0.16311615692420753
2010-05-08,-0.41031710439888835
2010-05-15,-0.4544260883595312
2010-05-22,-0.6118745071625782
2010-05-29,-0.7847585799860832
2010-06-05,0.045842339987221044
2010-06-12,-0.10067301482910551
2010-06-19,0.06786374410383182
2010-06-26,0.073629123773804
2010-07-03,0.02390336404770396
2010-07-10,-0.0030983431353215594
2010-07-17,0.01717895302581884
2010-07-25,0.06621172780804904
2010-07-31,0.23728584193020263
2010-08-07,0.18667804984106326
2010-08-14,0.09688244447634888
2010-08-21,0.19570492329671957
2010-08-28,-0.0005996038900999388
2010-09-04,0.2978775873675229
2010-09-11,0.2037563173169391
2010-09-18,0.0012206623855562648
2010-09-25,0.4096859924472015
2010-10-02,0.3935909680214788
2010-10-09,0.23913159466332168
2010-10-16,0.2888848796443348
2010-10-24,0.0013876000335800859
2010-10-30,0.01807110007162768
2010-11-06,0.10321798265815443
2010-11-13,-0.09362115531266536
2010-11-20,-0.031590278434694474
2010-11-27,-0.17085412800544103
2010-12-05,0.16356039414577955
2010-12-11,1.02451464706761
2010-12-18,0.020146529053330565
2010-12-25,-0.09706380023188892
2011-01-02,0.0241913863970796
2011-01-08,0.03621690412255456
2011-01-15,-0.4529540371336796
2011-01-22,-0.3942712483426343
2011-01-29,-0.08082149250234279
2011-02-05,0.04170514788698268
2011-02-12,-0.3655916373904698
2011-02-19,0.3923863674904877
2011-02-26,0.12969610224663047
2011-03-05,-0.05825647875259354
2011-03-12,0.15834124617585627
2011-03-19,-0.05774236357630408
2011-03-26,0.19712152185414097
2011-04-02,0.6479491810046025
2011-04-09,0.6326972097295605
2011-04-16,0.13708359297444342
2011-04-23,0.24272791215376485
2011-05-01,0.1667150579837845
2011-05-07,-0.12884225551491624
2011-05-16,0.07962360728993306
2011-05-21,-0.256108373006001
2011-05-28,-0.2311647862837687
2011-06-04,-0.14888914824405738
2011-06-11,-0.5847851130669793
2011-06-18,-0.0316105597666237
2011-06-25,-0.20365532957564558
2011-07-02,-0.07153580208657186
2011-07-09,0.48075789594200014
2011-07-16,-0.07750327737626231
2011-07-23,0.527038171466268
2011-07-30,0.3424531874643154
2011-08-06,0.08027843104302815
2011-08-13,-0.8218146208964324
2011-08-20,-0.23394496395237957
2011-08-27,-0.6114429719667975
2011-09-03,0.0753368742883834
2011-09-10,-0.11769933551794019
2011-09-17,-0.26280958349091227
2011-09-24,-0.2359668189003768
2011-10-01,-0.02108375773942417
2011-10-08,0.24316800245634954
2011-10-15,0.18692479329462372
2011-10-23,0.14554095346773832
2011-10-29,0.42496916400654194
2011-11-05,0.01389848755008995
2011-11-12,-0.16874981609269113
2011-11-19,-0.06282847486566462
2011-11-26,-0.1691300146588825
2011-12-04,0.1370592680242177
2011-12-11,0.2488233465874125
2011-12-17,-0.1795284741007343
2011-12-24,0.2155856145770126
2012-01-02,0.029254278956997552
2012-01-07,0.03124074819785164
2012-01-14,-0.09683587188170342
2012-01-21,0.03489233280302878
2012-01-28,0.16935501711560344
2012-02-04,0.24690648187297098
2012-02-11,0.4199902906583723
2012-02-18,0.34710650126970627
2012-02-25,0.3401990478807997
2012-03-03,0.3257056900941431
2012-03-10,0.2065751734146833
2012-03-17,0.2931011842405892
2012-03-24,0.2658572890372461
2012-03-31,0.23718035643678295
2012-04-08,0.12752703472746624
2012-04-15,-0.1413599536250236
2012-04-21,0.029200769636155838
2012-04-28,-0.019834876159214018
2012-05-06,0.13715232720711396
2012-05-12,-0.2074535226832797
2012-05-19,-0.04492664735025234
2012-05-26,-0.23719617985592648
2012-06-03,-0.02215037696353792
2012-06-09,-0.08169383981308595
2012-06-16,-0.14582418091350918
2012-06-23,-0.1399646579615818
2012-06-30,0.1875222805884413
2012-07-07,0.053158957402291866
2012-07-14,0.06473980619479136
2012-07-21,-0.02286880237570234
2012-07-28,-0.17306767828577851
2012-08-04,0.10809121832009701
2012-08-12,0.20508683052299806
2012-08-18,-0.02185188138270132
2012-08-25,-0.0948565985396348
2012-09-01,-0.10944629264205226
2012-09-08,0.0439741488583617
2012-09-15,0.06588083815454493
2012-09-22,0.058626720393196885
2012-09-29,-0.06192350178773609
2012-10-06,0.11580279588867058
2012-10-13,-0.37789934542805814
2012-10-20,0.001258635635831104
2012-10-27,-0.2184183997203919
2012-11-03,-0.0015036256183302323
2012-11-10,-0.04155896379500605
2012-11-17,-0.2852194548248036
2012-11-24,0.38590053141610203
2012-12-01,0.07465850103854363
2012-12-09,0.26644724660001645
2012-12-15,0.26636616832470056
2012-12-22,0.22336694497838633
2012-12-31,0.11970108213245015
2013-01-05,0.26256267721283993
2013-01-12,0.04362085166064118
2013-01-19,0.17461077075529577
2013-01-26,0.16635316568544323
2013-02-02,0.018691037424701656
2013-02-09,-0.3389531404344701
2013-02-16,-0.131886111272916
2013-02-24,-0.18165808204574996
2013-03-02,-0.04872681305114861
2013-03-09,0.07096134197203505
2013-03-16,0.20757282148262562
2013-03-23,-0.21740301815926463
2013-03-30,0.03873777323293898
2013-04-07,-0.3062287267876091
2013-04-15,-0.2880234566911007
2013-04-20,-0.036264821288188184
2013-04-27,-0.22983320469233207
2013-05-05,0.05756166720871748
2013-05-11,0.008220241286715668
2013-05-18,0.2689533943972108
2013-05-25,0.04924158719611471
2013-06-01,-0.47663683060311557
2013-06-08,-0.6847105414181053
2013-06-15,-0.37521482264325773
2013-06-22,-0.39911188768978845
2013-06-30,-0.34012089179674
2013-07-06,0.12096359029641598
2013-07-13,0.056233103809646884
2013-07-21,0.06883570171795496
2013-07-27,0.006958840161234464
2013-08-03,-0.13774758845173846
2013-08-11,-0.2689203752058969
2013-08-17,-0.029059968281729378
2013-08-24,-0.7826060678660146
2013-08-31,-0.1617629095574229
2013-09-07,-0.00023789099346913783
2013-09-14,0.3422931149373785
2013-09-21,0.3327626396867623
2013-09-28,-0.32258601379694807
2013-10-05,-0.14982977599720487
2013-10-12,0.05393312233155612
2013-10-19,0.09792642583561176
2013-10-26,0.048123597118242364
2013-11-02,-0.0904514299201567
2013-11-09,-0.2085514350071516
2013-11-16,-0.4316002668805736
2013-11-23,-0.28548743075208743
2013-11-30,-0.5322260545143005
2013-12-07,-0.6340337718834873
2013-12-14,-0.543859427937112
2013-12-21,-0.19415771138853222
2013-12-31,-0.0516456616019627
2014-01-04,0.044529410746430347
2014-01-11,0.07135639551640394
2014-01-18,-0.062476726512287695
2014-01-25,-0.05031307812068788
2014-02-01,-0.3922886435385235
2014-02-08,-0.416199183323617
2014-02-15,-0.07604996220738253
2014-02-22,-0.08471149064653588
2014-03-01,-0.08058476499083474
2014-03-08,0.16375570292905714
2014-03-15,-0.007658176607433634
2014-03-22,0.0023793535879412277
2014-03-29,0.16403964210661823
2014-04-06,0.15974926845405646
2014-04-14,0.11781913357789252
2014-04-19,0.13710686004361017
2014-04-26,0.16698183850444084
2014-05-04,0.12938983688727546
2014-05-10,-0.020838365183204047
2014-05-17,-0.1356550690804333
2014-05-24,-0.599686638758702
2014-05-31,-0.3983899487855381
2014-06-07,0.2459719480302942
2014-06-14,-0.06250526064153969
2014-06-21,-0.2736096690980926
2014-06-28,0.003386279196705408
2014-07-05,0.1649529045603681
2014-07-12,0.2924401317126295
2014-07-19,0.15292064887995743
2014-07-26,0.052680005416312826
2014-08-02,-0.15227715511232712
2014-08-11,-0.02920567943826511
2014-08-16,0.01371854176221348
2014-08-23,0.03269256798598343
2014-08-30,0.004090136067009565
2014-09-06,0.21310403019602106
2014-09-13,0.08862246151517261
2014-09-20,0.16900243597742862
2014-09-27,0.2534810470744713
2014-10-04,-0.07594295134522258
2014-10-11,-0.06429111530218307
2014-10-18,-0.24867613347163875
2014-10-25,-0.1759673248380581
2014-11-01,-0.08141315812950364
2014-11-08,0.12984618697456954
2014-11-15,0.03919571361883783
2014-11-22,0.04019907356062943
2014-11-29,0.12738365567965843
2014-12-06,0.0542379926697059
2014-12-13,-0.2836578110899413
2014-12-20,-0.5935493358665143
2014-12-27,-0.04647143477387427
2015-01-03,0.03549256942270369
2015-01-10,-0.2469504860392737
2015-01-17,-0.28379388691032803
2015-01-24,0.11265497526044928
2015-01-31,0.2904324745791206
2015-02-07,0.18421143893810443
2015-02-14,0.051670461002033145
2015-02-21,-0.15581212113991913
2015-02-28,-0.293236921196507
2015-03-07,0.08065426921008123
2015-03-14,-0.009383954818462464
2015-03-21,0.06274010111990652
2015-03-28,-0.1075449989743785
2015-04-05,-0.013765293495252559
2015-04-14,0.08030692763267572
2015-04-18,0.2317944236547999
2015-04-25,0.0784742371920032
2015-05-04,-0.24075999999999997
2015-05-09,-0.16200005352872163
2015-05-16,-0.024303784978567652
2015-05-23,0.12593379472961974
2015-05-31,0.00930577913392809
2015-06-06,-0.1554703492149151
2015-06-13,-0.12246518706758108
2015-06-20,-0.06089986307675768
2015-06-27,0.017451931922490258
2015-07-04,-0.15676161649225692
2015-07-11,-0.3187816283450056
2015-07-18,-0.024477658425950986
2015-07-25,-0.20605758991011555
2015-08-01,-0.10132347536749794
2015-08-08,-0.17213366053428641
2015-08-15,-0.21746562001584424
2015-08-22,-0.4839219045129888
2015-08-29,-0.4349177812081061
2015-09-05,-0.07394046004200695
2015-09-12,-0.11664078887420117
2015-09-19,0.061268302018521986
2015-09-26,-0.2772177269052385
2015-10-03,-0.15815083542417155
2015-10-10,0.14382936482395756
2015-10-17,0.04343822533770089
2015-10-24,0.0218756080361487
2015-10-31,-0.18942856085914855
2015-11-07,0.09653938671885778
2015-11-14,-0.2475055963977067
2015-11-21,-0.12959077240332922
2015-11-28,-0.05112641870036046
2015-12-06,-0.10955974005355626
2015-12-12,-0.12220382880133192
2015-12-19,-0.34392870793641905
2015-12-26,-0.4923944850646379
2016-01-02,0.012300274352460599
2016-01-09,-0.23163247935957426
2016-01-16,-0.03643303428905223
2016-01-23,-0.02268868628886208
2016-01-30,0.07205467024161852
2016-02-06,-0.022560215647105673
2016-02-13,-0.1639030217479325
2016-02-21,0.17367546744161053
2016-02-27,0.07019101318676113
2016-03-05,0.37078125181803695
2016-03-12,0.06871590420322249
2016-03-19,-0.009380018211026103
2016-03-26,-0.008377029143234863
2016-04-02,0.4378142020273663
2016-04-09,-0.09356504538057989
2016-04-16,-0.25923722157119305
2016-04-23,0.08970890132851687
2016-05-01,-0.07776206022851583
2016-05-07,-0.06447509286502599
2016-05-14,-0.028370911610407085
2016-05-21,0.14302016270294293
2016-05-28,0.10164004691116375
2016-06-04,0.23139063522571168
2016-06-11,0.09863982529650218
2016-06-18,0.003397684152610988
2016-06-25,0.040514326986619456
2016-07-02,0.18211169662628843
2016-07-09,0.1629523666475042
2016-07-18,0.4642122542510195
2016-07-23,0.5007489795704506
2016-07-30,0.36382618680133894
2016-08-06,0.04799324025849752
2016-08-13,0.6083255220213772
2016-08-20,0.11185063024335896
2016-08-27,0.12746603751065044
2016-09-03,0.1346665504253525
2016-09-10,0.09048636780539339
2016-09-17,0.4643712767317726
2016-09-24,0.0015460446887011411
2016-10-01,-0.07681628594677944
2016-10-08,0.03624024420339566
2016-10-15,-0.08617714516467273
2016-10-23,-0.2793101884529506
2016-10-29,-0.1297528411005906
2016-11-05,-0.23647739834847997
2016-11-12,-0.2633139077416672
2016-11-19,-0.29506349503049695
2016-11-26,-0.1764875015366732
2016-12-04,-0.13241097477078545
2016-12-11,0.06994114399648313
2016-12-17,-0.134899765547965
2016-12-24,-0.13169252364587974
2017-01-02,0.19711283811383637
2017-01-07,0.42977533604126283
2017-01-14,0.044398775099404236
2017-01-21,-0.015334250964847945
2017-01-28,-0.014378710090530381
2017-02-04,-0.11391735674655143
2017-02-12,0.04411530516654053
2017-02-18,-0.045638696500653164
2017-02-25,0.00941238885584049
2017-03-04,-0.15221
2017-03-11,-0.20119946459779234
2017-03-18,-0.11231824542889848
2017-03-25,0.12373594828191344
2017-04-01,0.4033561363953281
2017-04-08,0.05615471465851493
2017-04-15,0.03105192398146473
2017-04-22,-0.12236049567918461
2017-04-30,0.10309473289335438
2017-05-06,0.016393808683517086
2017-05-13,0.05678874444003705
2017-05-20,-0.06407699170851847
2017-05-27,0.045500458708488005
2017-06-03,0.14423456155952652
2017-06-10,-0.037552308706912056
2017-06-17,-0.06749667622325228
2017-06-24,-0.03474572845672394
2017-07-01,0.14305164461945952
2017-07-09,0.057996920785350195
2017-07-15,0.03519655092506963
2017-07-22,-0.0046428058128039
2017-07-29,-0.09621981223420459
2017-08-05,-0.40048161120802095
2017-08-13,0.027767535423207444
2017-08-19,0.07935670432990119
2017-08-26,-0.180290781658136
2017-09-02,0.16834071018555288
2017-09-09,0.1036516909106808
2017-09-16,0.24244131966140056
2017-09-23,-0.07114084943003773
2017-09-30,-0.06857608242537824
2017-10-07,0.05827966013230253
2017-10-14,0.17084181676269816
2017-10-22,-0.21699181145883695
2017-10-28,-0.28867406791035627
2017-11-04,-0.2578542277896759
2017-11-11,-0.1185880047253818
2017-11-18,-0.18290917599483542
2017-11-25,-0.014740802777558062
2017-12-02,-0.17820685534421699
2017-12-10,-0.22944295204073362
2017-12-16,-0.08588370867628684
2017-12-23,-0.037183592879471684
2018-01-01,0.05262412920602897
2018-01-06,0.048011355798463065
2018-01-13,-0.21215610174437338
2018-01-21,0.044992404280819964
2018-01-27,0.21506675535095315
2018-02-03,-0.22428324734045538
2018-02-10,-0.6771404520828824
2018-02-17,-0.3387169108100176
2018-02-24,-0.12012161305742161
2018-03-03,-0.27878556669770777
2018-03-10,-0.12243470594064294
2018-03-17,0.12591339554137884
2018-03-24,-0.1206323999895468
2018-03-31,-0.12063022276746165
2018-04-07,-0.10850350090683308
2018-04-15,-0.13724581394563123
2018-04-21,-0.19794838591649017
2018-04-28,-0.2666682009395211
2018-05-05,-0.4214907697883782
2018-05-12,-0.1449157663472391
2018-05-19,-0.2029588457571366
2018-05-26,-0.5309434688502677
2018-06-02,-0.5510681662293058
2018-06-09,-0.21734295500274126
2018-06-16,-0.7607117551558356
2018-06-23,-0.4206627014816275
2018-06-30,-0.1047418846489949
2018-07-07,-0.31741012010432584
2018-07-14,-0.1694870377218992
2018-07-21,-0.036101501440158446
2018-07-29,0.17615987383587084
2018-08-04,0.18609706905001175
2018-08-12,0.22163836068115078
2018-08-18,-0.2308633157309263
2018-08-25,-0.1739841573256417
2018-09-01,-0.18991807135517944
2018-09-08,-0.23149317916356077
2018-09-15,-0.08830479633329179
2018-09-22,0.08928710940823503
2018-09-29,-0.004904845649452219
2018-10-06,-0.33902121309298766
2018-10-14,-0.7010681688060729
2018-10-20,-0.5907561583661542
2018-10-27,-0.5380834573098334
2018-11-03,-0.1613685983236695
2018-11-10,0.0651803058974135
2018-11-17,-0.173894001573592
2018-11-24,-0.1318720829291543
2018-12-01,-0.11674605524420797
2018-12-09,0.20513532664594641
2018-12-15,-0.1744522333998179
2018-12-22,0.0053404394859845015
2019-01-01,-0.10533464305277146
2019-01-05,-0.26146754986008913
2019-01-12,-0.12183572875544015
2019-01-19,0.2852721864102151
2019-01-26,0.03876289079857575
2019-02-02,0.0878937554358819
2019-02-09,0.00685589782703824
2019-02-16,-0.29391533664893643
2019-02-24,0.05382983321379216
2019-03-02,-0.2364515277974749
2019-03-09,-0.22245557147251682
2019-03-16,-0.17054317266836327
2019-03-23,-0.009125646349081418
2019-03-30,-0.057756587610647295
2019-04-07,0.00571764862930811
2019-04-15,0.11006820597756209
2019-04-20,-0.07791820293036915
2019-04-27,0.012450055435822808
2019-05-05,-0.050514113377738756
2019-05-11,-0.2514826275176226
2019-05-19,-0.2402711310024323
2019-05-25,0.017372610756252994
2019-06-02,0.5550386926272596
2019-06-08,0.41037509142058726
2019-06-15,0.27323344708179204
2019-06-22,0.38486453199229714
2019-06-29,0.4838774181982591
2019-07-06,0.33281766516393657
2019-07-13,0.20047686200164527
2019-07-20,0.09371431442418271
2019-07-28,0.02967656544061456
2019-08-03,-0.30383604037764267
2019-08-11,-0.34969019553216574
2019-08-17,-0.8559473880139841
2019-08-24,-0.2610895970848963
2019-08-31,-0.18744612184394638
2019-09-07,-0.11294822131442511
2019-09-14,-0.05774031087487482
2019-09-21,-0.03717591099798126
2019-09-28,-0.13641265508049233
2019-10-05,-0.2162502924921185
2019-10-13,0.05321733826841924
2019-10-19,-0.08534654863234306
2019-10-26,0.08854083479965184
2019-11-02,-0.21616324868863493
2019-11-09,-0.07851195495113493
2019-11-16,0.10394374560939748
2019-11-23,-0.03463139453430657
2019-11-30,-0.21195286568087784
2019-12-07,-0.3258857221876517
2019-12-14,-0.35759286452345385
2019-12-21,-0.2098725188927208
2019-12-28,-0.029503002182789402
2019-12-31,-0.09796505233114955
2020-01-04,-0.03800714969140363
2020-01-11,0.06898318058688546
2020-01-18,-0.22553854514177427
2020-01-25,-0.04150170403894077
2020-02-01,-0.36864428576748465
2020-02-09,-0.19909282919066715
2020-02-15,-0.12556246822700556
2020-02-22,-0.1990148000161026
2020-02-29,-0.13164653788694802
2020-03-07,-0.5132014099896725
2020-03-14,-0.7809311370181085
2020-03-21,-0.8292744269605583
2020-03-28,-0.24415663024754436
2020-04-05,-0.2809087251263711
2020-04-11,-0.4456338404137699
2020-04-18,-0.27660563098570146
2020-04-25,-0.5121553598007956
2020-05-03,-0.19276533053313083
2020-05-09,-0.3567471155680944
2020-05-16,-0.41133396341874645
2020-05-23,-0.343773772700578
2020-05-30,0.04720999060937234
2020-06-06,0.36310923208855084
2020-06-13,-0.07089776094772923
2020-06-20,-0.44929938225916505
2020-06-27,-0.34810348849675343
2020-07-05,-0.14057105003412446
2020-07-11,0.020759781715307825
2020-07-18,-0.0372597691885392
2020-07-27,-0.20989277465380676
2020-08-01,-0.1588462416947674
2020-08-08,-0.14066724483356316
2020-08-15,-0.16212551038800352
2020-08-22,-0.17771285282066931
2020-08-29,-0.2339381980762291
2020-09-06,-0.4816400645250597
2020-09-12,-0.11781662893130215
2020-09-19,-0.11725849097227269
2020-09-26,-0.2020482397188796
2020-10-03,-0.22374031604722694
2020-10-10,-0.24601878097238788
2020-10-17,-0.17567057563576904
2020-10-24,-0.07911586989583923
2020-10-31,-0.24763759300832422
2020-11-07,-0.17891753806601662
2020-11-14,1.0191911996845058
2020-11-21,0.1898197131822858
2020-11-28,0.19317374589940242
2020-12-06,-0.01925354046809124
2020-12-12,0.2420777981290766
2020-12-19,-0.2892545720009997
2020-12-26,0.09565913281679284
2021-01-02,-0.06096910112808824
2021-01-09,0.17522722014888745
2021-01-16,0.022439806149150403
2021-01-23,-0.11919235877205434
2021-01-30,-0.4430855182317423
2021-02-06,-0.29949544142110895
2021-02-13,0.10963895109863983
2021-02-20,-0.08431489077162779
2021-02-27,-0.44219897324266144
2021-03-06,0.2161837265094091
2021-03-13,0.02462233550925836
2021-03-20,-0.366226861724104
2021-03-27,0.011835509435969362
2021-04-03,0.10220466237747092
2021-04-10,0.02227539456939215
2021-04-14,0.024702385198458653
2021-04-17,0.12171424366100816
2021-04-24,-0.2783345194432624
2021-05-03,0.10596239916434948
2021-05-08,-0.20873102868818783
2021-05-15,-0.4235975869513388
2021-05-22,-0.2604909667586795
2021-05-29,-0.2903147475094405
2021-06-05,0.12450700602653328
2021-06-12,0.11460875114546076
2021-06-19,-0.23560765320789162
2021-06-26,-0.1429498626647708
2021-07-03,-0.29816107331398745
2021-07-10,-0.04937059223397505
2021-07-17,-0.0734426253360816
2021-07-25,-0.18867349583509718
2021-07-31,-0.1539769470792321
2021-08-07,-0.24470878274838714
2021-08-14,-0.15867524634543695
2021-08-21,-0.07695232887883707
2021-08-28,0.40846053874539934
2021-09-04,0.3047790375221739
2021-09-11,0.1236512758178949
2021-09-18,0.02078333955776938
2021-09-25,0.06846497820377845
2021-10-02,0.0584255453582525
2021-10-09,0.05672353785920295
2021-10-16,0.29728107146301985
2021-10-23,0.3633717333172102
2021-10-30,-0.20519480986697358
2021-11-06,-0.04461944172110573
2021-11-13,0.10410754246460976
2021-11-20,-0.060625938233288205
2021-11-27,-0.08913614677831014
2021-12-05,-0.33889026402761485
2021-12-11,-0.10972210779021614
2021-12-18,0.2549596355749496
2021-12-25,0.13522012881268014
2022-01-02,0.5053495993159641
2022-01-08,0.36241525239062156
2022-01-15,0.15794727148501303
2022-01-22,-0.13472951214715556
2022-01-29,0.13311034487205903
2022-02-05,0.0687985050543027
2022-02-12,1.2853462196149326
2022-02-19,0.5221147529048962
2022-02-26,0.12100954114225486
2022-03-05,0.3206223309580256
2022-03-12,0.018992694501156718
2022-03-19,0.33489791192661944
2022-03-26,0.14986345579614185
2022-04-02,0.3711248924447131
2022-04-09,0.11163021230560162
2022-04-16,0.04417846003089032
2022-04-25,0.09746063113881262
2022-05-01,0.12168834031417927
2022-05-07,0.015490856958102954
2022-05-15,-0.08313249218293842
2022-05-21,0.2326457090902606
2022-05-28,0.20100039270691417
2022-06-04,0.21011478158431462
2022-06-11,-0.1701079653201566
2022-06-18,-0.35127820567993173
2022-06-25,-0.31140540463505745
2022-07-02,0.07119776218190434
2022-07-09,0.03671312642411621
2022-07-16,0.01689303146425908
2022-07-23,0.024091576511404415
2022-07-30,0.16903975094738272
2022-08-06,0.1142828429885492
2022-08-13,0.4333620871178239
2022-08-20,0.6817535408204537
2022-08-27,0.25957644770688826
2022-09-03,-0.007692794421920751
2022-09-10,-0.1420108116952697
2022-09-17,-0.1348749501120947
2022-09-24,-0.041758196989009636
2022-10-01,-0.18843535514426965
2022-10-08,-0.032591460478624115
2022-10-15,-0.19793867676670043
2022-10-23,0.052640278941135245
2022-10-29,0.26212934199191884
2022-11-05,0.3745619688942825
2022-11-12,0.3852821911480274
2022-11-19,-0.1880280038042264
2022-11-26,0.14972681864156961
2022-12-04,0.12516382359847816
2022-12-11,-0.29588582984824746
2022-12-17,0.08724381858360836
2022-12-24,-0.030136407923240443
2023-01-01,0.5650893271300864
2023-01-07,0.33262794942302304
2023-01-14,0.31373566399945924
2023-01-21,0.04580283552506442
2023-01-28,0.08886297481482201
2023-02-04,-0.2723086054077406
2023-02-11,-0.4389231136546954
2023-02-18,0.04618599583258602
2023-02-25,-0.5635118756873984
2023-03-05,-0.29033770641500223
2023-03-11,-0.3256481146987466
2023-03-18,-0.2828880472194101
2023-03-25,-0.15289104353429764
2023-04-10,-0.05827995303996761
2023-04-15,-0.11798733627278452
2023-04-22,-0.11163204237090613
2023-04-30,-0.11530321101284319
2023-05-06,-0.05801663589938832
2023-05-13,-0.1385337923733993
2023-05-20,-0.3113220383759713
2023-05-27,-0.3516355944384828
2023-06-04,-0.24834308721519216
2023-06-10,0.04160003248657524
2023-06-17,-0.08529411508274617
2023-06-24,-0.14066685518205027
2023-07-01,0.03390072211537963
2023-07-08,-0.22839661986399182
2023-07-15,-0.014714555240493206
2023-07-22,-0.0003982167137671841
2023-07-29,-0.14154624872388571
2023-08-05,-0.1855138339645185
2023-08-13,-0.0034025705134313744
2023-08-19,-0.13180438437677286
2023-08-26,0.03435375440880312
2023-09-02,-0.14976950129129585
2023-09-09,-0.1609462475825356
2023-09-16,-0.15651891861630002
2023-09-23,-0.18421830490541274
2023-09-30,-0.08369553011801154
2023-10-07,-0.2390994350490507
2023-10-14,0.032964247870820154
2023-10-22,-0.11137059614038444
2023-10-28,-0.10486500455049583
2023-11-04,-0.08803929636972502
2023-11-11,-0.2613263513734303
2023-11-18,0.055450961658313036
2023-11-25,-0.17839054980335192
2023-12-02,-0.16872827711798502
2023-12-10,-0.14275038697371356
2023-12-16,0.11829354857923158
2023-12-24,0.044684081737263535
2023-12-31,0.11773006885016184
2024-01-06,0.056359287430610236
2024-01-13,-0.12084349969846594
2024-01-20,-0.30730883255962116
2024-01-27,-0.320058687576329
2024-02-03,0.055898627321126354